timestamp,resource_id,cpu_pct,memory_pct,network_pct,disk_pct,request_cpu_pct,request_memory_pct
2026-06-01T00:00:00,ecs-prod-web-01,45.16,49.62,26.34,33.94,57.29,62.82
2026-06-01T06:00:00,ecs-prod-web-01,43.36,53.06,26.2,35.91,59.4,61.84
2026-06-01T12:00:00,ecs-prod-web-01,59.38,60.35,36.08,43.73,74.01,76.01
2026-06-01T18:00:00,ecs-prod-web-01,58.85,68.3,35.82,46.36,73.54,77.5
2026-06-02T00:00:00,ecs-prod-web-01,41.17,50.41,25.15,37.59,57.97,63.19
2026-06-02T06:00:00,ecs-prod-web-01,44.62,54.31,25.17,35.98,60.82,64.46
2026-06-02T12:00:00,ecs-prod-web-01,54.79,62.27,36.1,46.23,73.51,76.21
2026-06-02T18:00:00,ecs-prod-web-01,59.12,63.87,38.73,48.13,74.76,80.23
2026-06-03T00:00:00,ecs-prod-web-01,45.72,54.43,24.46,36.37,60.52,61.54
2026-06-03T06:00:00,ecs-prod-web-01,44.78,48.07,28.96,38.42,57.62,64.97
2026-06-03T12:00:00,ecs-prod-web-01,57.19,67.64,34.62,46.61,71.86,77.15
2026-06-03T18:00:00,ecs-prod-web-01,60.35,65.23,33.91,46.82,73.4,81.04
2026-06-04T00:00:00,ecs-prod-web-01,46.09,53.06,28.14,36.71,59.86,62.64
2026-06-04T06:00:00,ecs-prod-web-01,45.4,48.8,27.51,33.26,61.55,64.86
2026-06-04T12:00:00,ecs-prod-web-01,58.1,61.48,33.62,46.03,72.05,76.58
2026-06-04T18:00:00,ecs-prod-web-01,54.04,67.07,34.18,43.62,76.11,79.81
2026-06-05T00:00:00,ecs-prod-web-01,45.67,48.68,27.41,34.27,59.17,64.42
2026-06-05T06:00:00,ecs-prod-web-01,49.02,47.95,25.13,34.0,59.73,62.63
2026-06-05T12:00:00,ecs-prod-web-01,55.31,66.16,35.77,44.83,73.51,78.33
2026-06-05T18:00:00,ecs-prod-web-01,60.99,65.59,33.95,44.67,74.44,81.58
2026-06-06T00:00:00,ecs-prod-web-01,42.95,53.56,25.13,32.93,60.31,62.62
2026-06-06T06:00:00,ecs-prod-web-01,42.94,50.1,27.85,36.59,58.94,64.28
2026-06-06T12:00:00,ecs-prod-web-01,50.43,50.57,30.56,40.71,62.57,64.68
2026-06-06T18:00:00,ecs-prod-web-01,51.07,57.83,29.68,40.18,65.21,65.33
2026-06-07T00:00:00,ecs-prod-web-01,45.64,50.76,26.45,35.1,59.05,62.93
2026-06-07T06:00:00,ecs-prod-web-01,46.22,49.15,25.16,35.39,61.42,65.54
2026-06-07T12:00:00,ecs-prod-web-01,44.79,55.73,32.66,36.95,61.19,64.97
2026-06-07T18:00:00,ecs-prod-web-01,48.79,57.41,32.2,36.63,65.16,65.1
2026-06-08T00:00:00,ecs-prod-web-01,42.32,53.14,29.31,35.48,58.52,63.4
2026-06-08T06:00:00,ecs-prod-web-01,44.33,55.89,27.57,33.91,60.0,63.97
2026-06-08T12:00:00,ecs-prod-web-01,58.44,66.97,38.23,46.74,74.22,78.83
2026-06-08T18:00:00,ecs-prod-web-01,61.17,64.43,39.06,44.76,75.4,79.58
2026-06-09T00:00:00,ecs-prod-web-01,44.57,52.34,28.42,32.57,58.18,61.3
2026-06-09T06:00:00,ecs-prod-web-01,48.2,55.51,26.87,38.85,60.85,64.06
2026-06-09T12:00:00,ecs-prod-web-01,55.62,69.09,33.97,48.12,73.8,80.54
2026-06-09T18:00:00,ecs-prod-web-01,58.4,64.64,37.09,48.18,76.98,81.48
2026-06-10T00:00:00,ecs-prod-web-01,44.2,50.78,28.75,37.06,57.98,62.41
2026-06-10T06:00:00,ecs-prod-web-01,45.15,51.93,27.04,39.57,60.82,63.73
2026-06-10T12:00:00,ecs-prod-web-01,55.94,68.41,35.97,45.02,75.82,79.43
2026-06-10T18:00:00,ecs-prod-web-01,58.56,66.87,38.09,48.66,74.61,78.06
2026-06-11T00:00:00,ecs-prod-web-01,48.77,54.8,30.01,35.11,61.32,65.12
2026-06-11T06:00:00,ecs-prod-web-01,50.67,56.53,29.52,35.62,62.77,66.97
2026-06-11T12:00:00,ecs-prod-web-01,54.17,67.82,35.87,47.68,76.31,78.16
2026-06-11T18:00:00,ecs-prod-web-01,54.75,61.96,39.32,46.51,75.55,80.65
2026-06-12T00:00:00,ecs-prod-web-01,48.87,54.16,25.24,36.39,59.29,64.34
2026-06-12T06:00:00,ecs-prod-web-01,51.49,56.81,28.59,39.26,63.83,67.0
2026-06-12T12:00:00,ecs-prod-web-01,60.86,65.26,34.41,46.61,75.1,79.66
2026-06-12T18:00:00,ecs-prod-web-01,58.98,66.08,33.5,46.15,76.07,80.53
2026-06-13T00:00:00,ecs-prod-web-01,44.48,55.55,30.04,35.31,60.8,63.2
2026-06-13T06:00:00,ecs-prod-web-01,46.43,50.9,27.49,36.8,60.37,65.84
2026-06-13T12:00:00,ecs-prod-web-01,51.77,57.3,29.4,41.23,64.65,66.02
2026-06-13T18:00:00,ecs-prod-web-01,50.33,53.07,30.59,37.08,64.81,67.47
2026-06-14T00:00:00,ecs-prod-web-01,44.23,49.06,25.74,39.51,59.32,64.44
2026-06-14T06:00:00,ecs-prod-web-01,45.39,51.08,29.84,40.89,60.81,66.38
2026-06-14T12:00:00,ecs-prod-web-01,52.82,54.77,28.35,38.13,63.42,68.26
2026-06-14T18:00:00,ecs-prod-web-01,48.59,53.4,32.84,40.79,62.68,65.19
2026-06-15T00:00:00,ecs-prod-web-01,42.83,54.19,29.15,39.29,61.2,64.48
2026-06-15T06:00:00,ecs-prod-web-01,50.09,54.8,28.3,37.31,61.92,67.03
2026-06-15T12:00:00,ecs-prod-web-01,57.65,68.74,35.83,47.25,74.14,80.69
2026-06-15T18:00:00,ecs-prod-web-01,57.32,65.37,33.16,47.79,74.65,78.3
2026-06-16T00:00:00,ecs-prod-web-01,49.47,49.52,31.97,37.35,62.23,65.75
2026-06-16T06:00:00,ecs-prod-web-01,47.84,57.98,33.1,36.66,63.46,64.78
2026-06-16T12:00:00,ecs-prod-web-01,55.29,69.68,37.08,43.99,77.3,79.11
2026-06-16T18:00:00,ecs-prod-web-01,56.96,62.29,36.15,43.87,74.36,79.87
2026-06-17T00:00:00,ecs-prod-web-01,47.4,51.82,30.72,40.16,62.2,66.83
2026-06-17T06:00:00,ecs-prod-web-01,50.29,55.83,31.44,36.52,64.89,65.21
2026-06-17T12:00:00,ecs-prod-web-01,60.56,67.96,37.74,48.97,75.43,78.17
2026-06-17T18:00:00,ecs-prod-web-01,54.79,64.94,34.48,46.05,72.66,78.98
2026-06-18T00:00:00,ecs-prod-web-01,49.97,56.72,29.0,40.39,60.74,66.55
2026-06-18T06:00:00,ecs-prod-web-01,45.52,58.44,28.11,42.24,62.14,65.74
2026-06-18T12:00:00,ecs-prod-web-01,54.84,62.55,38.63,47.68,74.35,79.26
2026-06-18T18:00:00,ecs-prod-web-01,58.25,62.79,33.34,43.86,74.65,79.21
2026-06-19T00:00:00,ecs-prod-web-01,46.26,51.56,30.68,36.94,63.81,64.36
2026-06-19T06:00:00,ecs-prod-web-01,52.22,55.52,32.32,36.4,62.73,67.62
2026-06-19T12:00:00,ecs-prod-web-01,57.95,68.68,37.04,43.43,76.18,80.24
2026-06-19T18:00:00,ecs-prod-web-01,56.76,64.01,34.66,41.77,73.23,76.05
2026-06-20T00:00:00,ecs-prod-web-01,47.04,55.35,30.26,36.08,63.86,64.96
2026-06-20T06:00:00,ecs-prod-web-01,49.53,55.24,33.4,39.79,63.85,65.82
2026-06-20T12:00:00,ecs-prod-web-01,50.1,51.74,29.2,37.27,62.39,65.55
2026-06-20T18:00:00,ecs-prod-web-01,47.79,54.03,28.75,36.99,59.42,63.49
2026-06-21T00:00:00,ecs-prod-web-01,51.15,53.37,28.09,38.03,63.3,65.36
2026-06-21T06:00:00,ecs-prod-web-01,47.98,54.29,33.68,37.85,63.21,68.5
2026-06-21T12:00:00,ecs-prod-web-01,51.86,54.89,28.67,38.08,62.81,66.73
2026-06-21T18:00:00,ecs-prod-web-01,49.74,51.18,29.69,37.65,62.53,62.95
2026-06-22T00:00:00,ecs-prod-web-01,50.38,57.67,32.67,40.27,63.15,65.55
2026-06-22T06:00:00,ecs-prod-web-01,45.61,51.62,32.67,39.2,61.83,66.0
2026-06-22T12:00:00,ecs-prod-web-01,57.49,60.88,37.06,44.43,73.2,77.15
2026-06-22T18:00:00,ecs-prod-web-01,52.38,62.48,32.59,41.23,73.65,75.79
2026-06-23T00:00:00,ecs-prod-web-01,45.75,54.38,29.1,36.82,62.09,64.9
2026-06-23T06:00:00,ecs-prod-web-01,48.98,57.62,30.35,39.13,62.68,65.2
2026-06-23T12:00:00,ecs-prod-web-01,54.6,64.85,35.19,47.8,75.67,80.42
2026-06-23T18:00:00,ecs-prod-web-01,52.51,65.97,32.71,46.22,74.31,77.9
2026-06-24T00:00:00,ecs-prod-web-01,47.07,57.19,28.01,39.58,63.54,67.47
2026-06-24T06:00:00,ecs-prod-web-01,47.92,53.86,27.81,40.56,62.47,68.31
2026-06-24T12:00:00,ecs-prod-web-01,52.97,62.22,34.48,45.33,75.17,77.73
2026-06-24T18:00:00,ecs-prod-web-01,56.21,63.96,32.69,43.1,71.84,75.48
2026-06-25T00:00:00,ecs-prod-web-01,51.44,54.94,32.35,42.02,61.6,66.27
2026-06-25T06:00:00,ecs-prod-web-01,51.3,57.21,27.84,41.08,62.0,67.7
2026-06-25T12:00:00,ecs-prod-web-01,53.85,60.42,34.5,43.66,74.92,79.02
2026-06-25T18:00:00,ecs-prod-web-01,57.18,62.4,31.04,40.96,71.9,74.39
2026-06-26T00:00:00,ecs-prod-web-01,46.43,51.3,31.19,39.57,65.24,65.43
2026-06-26T06:00:00,ecs-prod-web-01,51.02,54.49,29.41,36.4,61.3,67.81
2026-06-26T12:00:00,ecs-prod-web-01,57.83,67.33,36.6,43.13,71.65,76.34
2026-06-26T18:00:00,ecs-prod-web-01,53.58,60.69,34.89,45.17,73.41,74.0
2026-06-27T00:00:00,ecs-prod-web-01,46.93,52.23,30.22,40.51,63.88,67.74
2026-06-27T06:00:00,ecs-prod-web-01,51.45,58.27,27.62,39.46,62.57,64.18
2026-06-27T12:00:00,ecs-prod-web-01,44.2,55.32,27.31,37.42,59.9,64.73
2026-06-27T18:00:00,ecs-prod-web-01,48.59,52.2,27.34,34.86,58.99,62.0
2026-06-28T00:00:00,ecs-prod-web-01,48.71,58.96,30.47,37.71,63.37,67.13
2026-06-28T06:00:00,ecs-prod-web-01,50.21,55.87,26.79,39.6,62.87,67.36
2026-06-28T12:00:00,ecs-prod-web-01,44.56,48.69,28.4,33.99,61.12,63.54
2026-06-28T18:00:00,ecs-prod-web-01,48.19,52.51,28.35,37.52,58.35,63.82
2026-06-29T00:00:00,ecs-prod-web-01,45.03,58.75,27.96,37.02,63.62,67.81
2026-06-29T06:00:00,ecs-prod-web-01,50.99,50.23,29.65,38.66,63.86,67.34
2026-06-29T12:00:00,ecs-prod-web-01,57.44,60.21,31.47,40.8,70.97,78.09
2026-06-29T18:00:00,ecs-prod-web-01,50.08,59.72,30.86,44.14,70.45,74.86
2026-06-30T00:00:00,ecs-prod-web-01,49.82,52.64,30.14,37.32,61.68,68.28
2026-06-30T06:00:00,ecs-prod-web-01,47.87,56.85,27.74,35.15,60.81,64.36
2026-06-30T12:00:00,ecs-prod-web-01,51.29,66.3,32.22,45.97,73.28,76.16
2026-06-30T18:00:00,ecs-prod-web-01,55.75,59.08,34.68,45.03,72.4,76.77
2026-06-01T00:00:00,ecs-prod-web-02,14.5,26.01,14.59,13.81,48.46,52.91
2026-06-01T06:00:00,ecs-prod-web-02,17.5,26.08,12.93,17.01,45.52,55.14
2026-06-01T12:00:00,ecs-prod-web-02,18.02,27.43,16.29,21.42,58.29,66.29
2026-06-01T18:00:00,ecs-prod-web-02,21.06,29.39,18.84,24.8,60.04,66.19
2026-06-02T00:00:00,ecs-prod-web-02,12.83,19.47,14.21,18.47,47.19,53.34
2026-06-02T06:00:00,ecs-prod-web-02,12.49,26.86,12.86,17.59,48.2,55.36
2026-06-02T12:00:00,ecs-prod-web-02,17.59,27.22,18.61,20.4,59.28,66.59
2026-06-02T18:00:00,ecs-prod-web-02,20.85,29.02,22.13,24.68,61.51,68.46
2026-06-03T00:00:00,ecs-prod-web-02,14.76,23.91,15.42,14.79,48.2,54.15
2026-06-03T06:00:00,ecs-prod-web-02,14.97,25.14,14.88,16.74,47.92,54.54
2026-06-03T12:00:00,ecs-prod-web-02,20.07,32.66,17.89,22.33,61.2,65.4
2026-06-03T18:00:00,ecs-prod-web-02,24.77,33.52,22.06,20.69,59.42,70.42
2026-06-04T00:00:00,ecs-prod-web-02,16.08,24.47,11.58,18.05,48.3,53.91
2026-06-04T06:00:00,ecs-prod-web-02,19.01,20.2,11.07,17.98,47.99,55.69
2026-06-04T12:00:00,ecs-prod-web-02,19.56,32.45,19.29,18.74,61.21,67.28
2026-06-04T18:00:00,ecs-prod-web-02,20.74,30.54,20.96,20.28,61.51,69.61
2026-06-05T00:00:00,ecs-prod-web-02,12.35,25.14,12.04,14.61,45.67,53.75
2026-06-05T06:00:00,ecs-prod-web-02,14.05,25.55,11.66,15.42,48.8,55.56
2026-06-05T12:00:00,ecs-prod-web-02,20.18,30.16,21.79,18.99,61.05,66.7
2026-06-05T18:00:00,ecs-prod-web-02,22.3,30.3,17.65,23.21,61.05,68.54
2026-06-06T00:00:00,ecs-prod-web-02,17.79,24.41,12.33,12.58,47.94,52.21
2026-06-06T06:00:00,ecs-prod-web-02,18.03,22.65,15.33,14.19,48.9,53.57
2026-06-06T12:00:00,ecs-prod-web-02,16.98,24.6,16.81,17.0,50.51,57.98
2026-06-06T18:00:00,ecs-prod-web-02,23.08,25.3,14.56,17.02,51.68,58.33
2026-06-07T00:00:00,ecs-prod-web-02,12.71,26.86,14.12,14.69,49.11,55.59
2026-06-07T06:00:00,ecs-prod-web-02,15.48,27.51,13.89,15.2,47.28,56.14
2026-06-07T12:00:00,ecs-prod-web-02,16.87,23.38,14.42,20.29,50.4,55.08
2026-06-07T18:00:00,ecs-prod-web-02,21.87,27.44,15.33,21.43,50.32,58.24
2026-06-08T00:00:00,ecs-prod-web-02,13.87,26.01,15.64,13.59,49.5,55.81
2026-06-08T06:00:00,ecs-prod-web-02,17.58,21.14,16.77,18.51,48.07,53.6
2026-06-08T12:00:00,ecs-prod-web-02,24.67,30.04,19.5,23.41,58.95,69.09
2026-06-08T18:00:00,ecs-prod-web-02,21.71,34.01,22.9,24.0,60.38,68.25
2026-06-09T00:00:00,ecs-prod-web-02,18.91,20.38,12.08,14.42,46.72,53.81
2026-06-09T06:00:00,ecs-prod-web-02,19.38,21.23,13.21,16.54,49.83,55.22
2026-06-09T12:00:00,ecs-prod-web-02,21.44,34.64,18.44,22.14,61.86,68.71
2026-06-09T18:00:00,ecs-prod-web-02,25.55,33.44,19.41,23.16,61.55,68.17
2026-06-10T00:00:00,ecs-prod-web-02,17.66,22.88,16.37,15.45,47.2,54.09
2026-06-10T06:00:00,ecs-prod-web-02,14.53,25.86,18.11,20.08,50.26,57.0
2026-06-10T12:00:00,ecs-prod-web-02,23.91,32.7,17.91,21.62,61.71,68.99
2026-06-10T18:00:00,ecs-prod-web-02,18.77,29.55,21.18,22.66,61.18,68.54
2026-06-11T00:00:00,ecs-prod-web-02,19.72,22.18,14.89,14.08,48.78,52.57
2026-06-11T06:00:00,ecs-prod-web-02,15.9,27.34,13.65,20.27,51.96,54.36
2026-06-11T12:00:00,ecs-prod-web-02,25.4,34.38,18.48,22.23,62.88,68.31
2026-06-11T18:00:00,ecs-prod-web-02,19.79,28.54,22.93,20.4,60.66,68.97
2026-06-12T00:00:00,ecs-prod-web-02,18.51,24.41,11.93,16.58,50.41,56.61
2026-06-12T06:00:00,ecs-prod-web-02,18.56,22.22,13.77,18.86,50.49,56.27
2026-06-12T12:00:00,ecs-prod-web-02,25.13,36.2,21.02,23.89,62.4,68.82
2026-06-12T18:00:00,ecs-prod-web-02,22.08,28.98,19.55,20.49,62.15,68.45
2026-06-13T00:00:00,ecs-prod-web-02,18.3,25.73,14.75,19.09,50.22,56.86
2026-06-13T06:00:00,ecs-prod-web-02,15.81,29.08,17.39,16.9,51.48,55.59
2026-06-13T12:00:00,ecs-prod-web-02,22.72,26.67,17.22,21.31,50.5,58.84
2026-06-13T18:00:00,ecs-prod-web-02,15.06,27.65,15.23,18.89,52.73,58.54
2026-06-14T00:00:00,ecs-prod-web-02,17.57,27.76,13.41,16.2,49.7,53.88
2026-06-14T06:00:00,ecs-prod-web-02,18.01,24.97,17.81,17.92,52.0,57.18
2026-06-14T12:00:00,ecs-prod-web-02,18.58,25.59,15.12,16.85,50.02,59.16
2026-06-14T18:00:00,ecs-prod-web-02,22.14,22.73,14.89,18.65,50.57,57.3
2026-06-15T00:00:00,ecs-prod-web-02,18.63,25.95,15.3,15.26,48.63,55.26
2026-06-15T06:00:00,ecs-prod-web-02,19.56,26.52,18.55,21.26,51.33,59.39
2026-06-15T12:00:00,ecs-prod-web-02,22.86,30.3,20.72,22.52,62.6,70.83
2026-06-15T18:00:00,ecs-prod-web-02,22.59,33.98,19.66,22.25,58.84,67.73
2026-06-16T00:00:00,ecs-prod-web-02,15.33,28.7,17.03,17.54,51.69,56.0
2026-06-16T06:00:00,ecs-prod-web-02,16.64,29.23,14.59,20.0,52.11,57.22
2026-06-16T12:00:00,ecs-prod-web-02,20.78,30.04,23.48,24.16,63.28,70.94
2026-06-16T18:00:00,ecs-prod-web-02,21.92,28.51,17.84,19.73,59.36,69.35
2026-06-17T00:00:00,ecs-prod-web-02,21.31,22.36,14.74,19.61,50.37,56.36
2026-06-17T06:00:00,ecs-prod-web-02,17.23,26.19,17.56,20.81,52.64,58.17
2026-06-17T12:00:00,ecs-prod-web-02,22.11,33.27,17.99,25.97,60.66,70.44
2026-06-17T18:00:00,ecs-prod-web-02,22.19,27.14,17.04,19.85,60.02,66.93
2026-06-18T00:00:00,ecs-prod-web-02,16.51,26.3,18.54,18.39,51.6,57.73
2026-06-18T06:00:00,ecs-prod-web-02,21.27,29.61,15.15,19.73,52.55,58.5
2026-06-18T12:00:00,ecs-prod-web-02,20.84,31.5,22.44,22.35,60.18,69.14
2026-06-18T18:00:00,ecs-prod-web-02,21.43,30.1,20.54,22.24,58.45,65.39
2026-06-19T00:00:00,ecs-prod-web-02,17.47,28.69,16.39,21.12,51.92,56.26
2026-06-19T06:00:00,ecs-prod-web-02,20.56,31.0,20.24,22.55,52.16,59.59
2026-06-19T12:00:00,ecs-prod-web-02,25.76,30.65,22.59,23.32,62.99,67.37
2026-06-19T18:00:00,ecs-prod-web-02,21.17,30.25,18.82,23.64,60.95,68.21
2026-06-20T00:00:00,ecs-prod-web-02,22.24,27.0,14.86,18.24,49.37,55.89
2026-06-20T06:00:00,ecs-prod-web-02,16.82,24.93,16.44,22.29,51.57,58.5
2026-06-20T12:00:00,ecs-prod-web-02,18.49,23.19,18.55,17.37,51.75,56.77
2026-06-20T18:00:00,ecs-prod-web-02,20.58,27.85,12.44,15.96,48.74,54.86
2026-06-21T00:00:00,ecs-prod-web-02,21.7,27.72,14.56,21.09,50.23,58.39
2026-06-21T06:00:00,ecs-prod-web-02,18.39,28.01,17.09,17.5,50.41,59.74
2026-06-21T12:00:00,ecs-prod-web-02,18.03,28.69,15.54,21.26,49.19,58.17
2026-06-21T18:00:00,ecs-prod-web-02,18.51,26.13,12.55,15.68,48.1,54.74
2026-06-22T00:00:00,ecs-prod-web-02,21.21,24.9,16.0,16.55,52.72,57.99
2026-06-22T06:00:00,ecs-prod-web-02,19.13,24.97,17.4,21.02,51.92,57.96
2026-06-22T12:00:00,ecs-prod-web-02,22.42,31.5,19.61,24.54,61.78,66.69
2026-06-22T18:00:00,ecs-prod-web-02,19.5,32.66,17.68,23.04,57.9,66.41
2026-06-23T00:00:00,ecs-prod-web-02,17.43,25.84,18.42,21.62,50.69,58.83
2026-06-23T06:00:00,ecs-prod-web-02,18.65,30.43,16.03,19.53,52.5,59.18
2026-06-23T12:00:00,ecs-prod-web-02,17.29,32.18,17.75,19.39,59.54,66.12
2026-06-23T18:00:00,ecs-prod-web-02,15.76,32.69,14.24,17.77,56.54,64.55
2026-06-24T00:00:00,ecs-prod-web-02,19.12,27.2,17.58,19.15,52.45,57.73
2026-06-24T06:00:00,ecs-prod-web-02,19.01,28.29,16.02,17.01,52.3,57.88
2026-06-24T12:00:00,ecs-prod-web-02,21.79,29.05,17.0,19.19,57.87,69.2
2026-06-24T18:00:00,ecs-prod-web-02,22.89,28.41,19.06,19.44,58.33,65.91
2026-06-25T00:00:00,ecs-prod-web-02,23.21,28.14,15.12,19.37,53.49,57.14
2026-06-25T06:00:00,ecs-prod-web-02,18.23,24.94,17.12,17.9,49.3,58.54
2026-06-25T12:00:00,ecs-prod-web-02,23.3,29.73,17.01,22.38,59.89,67.61
2026-06-25T18:00:00,ecs-prod-web-02,17.95,25.72,17.98,20.85,58.82,67.03
2026-06-26T00:00:00,ecs-prod-web-02,21.93,30.34,16.88,22.69,51.73,58.6
2026-06-26T06:00:00,ecs-prod-web-02,21.42,23.08,14.92,21.13,49.06,58.57
2026-06-26T12:00:00,ecs-prod-web-02,24.26,31.45,16.1,18.31,58.87,65.89
2026-06-26T18:00:00,ecs-prod-web-02,19.46,27.29,18.8,19.09,56.83,64.77
2026-06-27T00:00:00,ecs-prod-web-02,20.65,27.29,18.05,22.68,51.65,57.56
2026-06-27T06:00:00,ecs-prod-web-02,19.87,22.64,16.98,16.3,48.81,55.87
2026-06-27T12:00:00,ecs-prod-web-02,13.34,22.1,17.54,19.82,49.76,55.47
2026-06-27T18:00:00,ecs-prod-web-02,11.91,26.34,15.6,14.98,48.7,52.63
2026-06-28T00:00:00,ecs-prod-web-02,18.51,29.12,17.27,18.42,53.58,56.24
2026-06-28T06:00:00,ecs-prod-web-02,16.82,30.14,17.48,20.5,48.57,57.97
2026-06-28T12:00:00,ecs-prod-web-02,18.32,25.54,17.09,16.05,48.99,55.67
2026-06-28T18:00:00,ecs-prod-web-02,17.34,23.25,11.01,13.24,48.71,51.86
2026-06-29T00:00:00,ecs-prod-web-02,16.46,29.81,19.57,21.82,51.62,55.84
2026-06-29T06:00:00,ecs-prod-web-02,19.9,29.76,18.0,20.61,49.77,54.72
2026-06-29T12:00:00,ecs-prod-web-02,20.92,29.6,19.74,20.12,59.07,66.2
2026-06-29T18:00:00,ecs-prod-web-02,20.8,26.31,14.12,17.52,58.28,64.37
2026-06-30T00:00:00,ecs-prod-web-02,19.15,30.17,14.94,19.86,53.02,56.49
2026-06-30T06:00:00,ecs-prod-web-02,15.68,26.61,13.76,19.1,51.8,56.31
2026-06-30T12:00:00,ecs-prod-web-02,21.87,27.04,18.37,21.17,58.34,65.49
2026-06-30T18:00:00,ecs-prod-web-02,20.78,25.4,13.27,19.79,55.96,66.26
2026-06-01T00:00:00,cce-prod-node-a,18.19,29.59,12.51,20.27,62.65,62.96
2026-06-01T06:00:00,cce-prod-node-a,17.93,28.18,11.86,20.61,62.17,61.25
2026-06-01T12:00:00,cce-prod-node-a,22.15,35.19,18.68,27.38,75.03,77.96
2026-06-01T18:00:00,cce-prod-node-a,27.27,39.27,19.09,28.61,74.75,77.96
2026-06-02T00:00:00,cce-prod-node-a,22.85,31.64,17.11,19.46,62.77,62.65
2026-06-02T06:00:00,cce-prod-node-a,21.4,31.28,11.38,21.51,62.01,64.79
2026-06-02T12:00:00,cce-prod-node-a,28.67,36.69,18.21,27.13,75.32,76.47
2026-06-02T18:00:00,cce-prod-node-a,25.57,35.06,18.31,24.94,78.29,78.25
2026-06-03T00:00:00,cce-prod-node-a,22.62,28.12,11.78,16.57,59.23,61.57
2026-06-03T06:00:00,cce-prod-node-a,21.83,29.66,15.54,22.4,63.23,62.52
2026-06-03T12:00:00,cce-prod-node-a,25.43,37.89,16.63,23.89,76.64,76.45
2026-06-03T18:00:00,cce-prod-node-a,26.33,41.51,19.73,25.28,78.03,80.45
2026-06-04T00:00:00,cce-prod-node-a,17.12,28.66,14.2,16.83,60.82,61.97
2026-06-04T06:00:00,cce-prod-node-a,21.62,29.85,16.72,18.67,59.83,64.61
2026-06-04T12:00:00,cce-prod-node-a,23.64,35.38,22.42,25.05,75.82,77.72
2026-06-04T18:00:00,cce-prod-node-a,23.94,38.1,20.51,27.1,78.62,79.21
2026-06-05T00:00:00,cce-prod-node-a,16.5,28.94,15.48,22.1,59.03,62.95
2026-06-05T06:00:00,cce-prod-node-a,20.6,29.21,15.15,18.31,61.13,62.08
2026-06-05T12:00:00,cce-prod-node-a,28.79,36.08,22.81,25.06,77.15,80.08
2026-06-05T18:00:00,cce-prod-node-a,31.18,42.15,24.35,27.66,76.35,78.79
2026-06-06T00:00:00,cce-prod-node-a,15.58,29.46,12.03,18.42,59.11,63.43
2026-06-06T06:00:00,cce-prod-node-a,19.4,33.43,16.52,18.27,63.98,62.52
2026-06-06T12:00:00,cce-prod-node-a,22.47,30.71,19.83,20.23,64.54,64.45
2026-06-06T18:00:00,cce-prod-node-a,26.91,36.03,18.05,21.04,65.16,65.45
2026-06-07T00:00:00,cce-prod-node-a,17.47,28.0,14.0,18.27,60.96,61.89
2026-06-07T06:00:00,cce-prod-node-a,23.02,32.23,14.16,22.31,60.96,63.65
2026-06-07T12:00:00,cce-prod-node-a,22.88,31.96,17.06,25.09,63.44,64.93
2026-06-07T18:00:00,cce-prod-node-a,27.61,31.6,15.68,23.94,66.55,68.57
2026-06-08T00:00:00,cce-prod-node-a,19.3,27.83,11.36,17.58,59.48,63.75
2026-06-08T06:00:00,cce-prod-node-a,24.27,28.33,14.48,23.27,64.45,64.2
2026-06-08T12:00:00,cce-prod-node-a,25.65,35.13,22.54,29.41,75.59,77.42
2026-06-08T18:00:00,cce-prod-node-a,31.77,41.59,18.67,28.74,77.96,78.56
2026-06-09T00:00:00,cce-prod-node-a,20.01,27.25,17.11,20.42,60.45,62.07
2026-06-09T06:00:00,cce-prod-node-a,25.47,30.29,17.58,22.41,63.39,65.96
2026-06-09T12:00:00,cce-prod-node-a,27.86,40.16,23.05,27.77,77.68,77.54
2026-06-09T18:00:00,cce-prod-node-a,30.87,37.4,23.98,28.49,78.31,78.03
2026-06-10T00:00:00,cce-prod-node-a,23.77,30.46,15.1,21.31,62.14,62.28
2026-06-10T06:00:00,cce-prod-node-a,18.67,28.94,14.85,23.54,63.96,65.0
2026-06-10T12:00:00,cce-prod-node-a,26.9,35.6,23.7,27.83,78.04,78.92
2026-06-10T18:00:00,cce-prod-node-a,28.15,37.27,19.06,26.53,76.15,80.4
2026-06-11T00:00:00,cce-prod-node-a,18.84,30.45,15.83,21.73,60.09,64.65
2026-06-11T06:00:00,cce-prod-node-a,18.74,27.64,14.68,22.26,63.23,65.97
2026-06-11T12:00:00,cce-prod-node-a,25.63,36.95,19.57,26.46,78.65,79.26
2026-06-11T18:00:00,cce-prod-node-a,31.22,37.61,18.55,25.54,77.02,81.68
2026-06-12T00:00:00,cce-prod-node-a,17.84,28.88,13.94,20.68,61.42,63.52
2026-06-12T06:00:00,cce-prod-node-a,18.92,27.86,19.74,20.5,65.16,64.01
2026-06-12T12:00:00,cce-prod-node-a,25.68,38.39,24.12,29.17,77.31,78.02
2026-06-12T18:00:00,cce-prod-node-a,27.63,37.97,22.4,27.39,77.85,79.86
2026-06-13T00:00:00,cce-prod-node-a,24.03,30.28,18.18,19.88,63.16,65.89
2026-06-13T06:00:00,cce-prod-node-a,23.56,29.49,14.91,21.83,64.47,66.42
2026-06-13T12:00:00,cce-prod-node-a,20.87,33.14,19.98,20.99,65.25,66.88
2026-06-13T18:00:00,cce-prod-node-a,19.55,32.64,17.33,20.84,66.55,66.2
2026-06-14T00:00:00,cce-prod-node-a,23.72,26.79,17.1,21.73,60.66,64.15
2026-06-14T06:00:00,cce-prod-node-a,24.47,31.11,14.65,24.49,63.38,66.69
2026-06-14T12:00:00,cce-prod-node-a,26.79,34.71,16.41,22.94,66.75,65.23
2026-06-14T18:00:00,cce-prod-node-a,21.63,28.25,19.34,25.06,63.68,65.26
2026-06-15T00:00:00,cce-prod-node-a,23.72,31.85,18.88,22.75,64.0,63.78
2026-06-15T06:00:00,cce-prod-node-a,23.48,31.54,18.87,23.65,63.17,65.2
2026-06-15T12:00:00,cce-prod-node-a,27.85,35.22,20.72,30.52,77.86,80.05
2026-06-15T18:00:00,cce-prod-node-a,23.46,38.97,19.48,26.13,76.11,80.38
2026-06-16T00:00:00,cce-prod-node-a,20.61,28.78,18.09,20.95,64.13,66.02
2026-06-16T06:00:00,cce-prod-node-a,21.09,34.58,20.92,23.69,65.18,67.59
2026-06-16T12:00:00,cce-prod-node-a,27.23,40.66,21.86,26.63,78.79,81.82
2026-06-16T18:00:00,cce-prod-node-a,24.37,37.05,21.42,26.89,76.01,79.11
2026-06-17T00:00:00,cce-prod-node-a,23.83,34.98,17.67,21.14,63.88,63.57
2026-06-17T06:00:00,cce-prod-node-a,25.1,30.61,19.58,23.21,64.12,68.71
2026-06-17T12:00:00,cce-prod-node-a,27.27,39.93,24.05,28.66,76.61,81.14
2026-06-17T18:00:00,cce-prod-node-a,24.59,40.36,19.04,26.45,77.94,76.63
2026-06-18T00:00:00,cce-prod-node-a,26.22,29.82,16.49,23.27,64.72,66.99
2026-06-18T06:00:00,cce-prod-node-a,23.24,32.29,18.44,26.15,63.79,67.53
2026-06-18T12:00:00,cce-prod-node-a,24.81,39.82,19.3,25.67,76.95,78.83
2026-06-18T18:00:00,cce-prod-node-a,26.16,36.9,17.99,24.48,76.81,77.42
2026-06-19T00:00:00,cce-prod-node-a,22.79,29.23,16.34,25.44,65.54,66.09
2026-06-19T06:00:00,cce-prod-node-a,26.59,30.49,18.17,23.01,66.41,65.5
2026-06-19T12:00:00,cce-prod-node-a,26.6,39.29,23.82,28.38,78.19,80.33
2026-06-19T18:00:00,cce-prod-node-a,27.53,34.4,21.67,28.21,76.06,76.15
2026-06-20T00:00:00,cce-prod-node-a,20.24,29.48,18.01,20.1,64.42,67.31
2026-06-20T06:00:00,cce-prod-node-a,23.32,35.05,17.11,21.62,63.77,67.3
2026-06-20T12:00:00,cce-prod-node-a,25.85,31.0,20.37,21.66,64.32,67.51
2026-06-20T18:00:00,cce-prod-node-a,20.62,33.72,17.83,18.88,63.18,63.99
2026-06-21T00:00:00,cce-prod-node-a,25.52,35.9,16.84,24.98,63.3,67.14
2026-06-21T06:00:00,cce-prod-node-a,26.84,29.22,20.36,24.72,67.18,66.83
2026-06-21T12:00:00,cce-prod-node-a,18.96,34.05,15.15,24.95,63.72,64.85
2026-06-21T18:00:00,cce-prod-node-a,24.7,31.99,16.34,22.99,63.95,62.79
2026-06-22T00:00:00,cce-prod-node-a,25.06,32.57,18.72,25.22,65.7,65.63
2026-06-22T06:00:00,cce-prod-node-a,24.24,30.3,16.93,23.29,66.38,67.33
2026-06-22T12:00:00,cce-prod-node-a,30.67,35.28,21.48,23.77,77.34,78.13
2026-06-22T18:00:00,cce-prod-node-a,24.73,31.88,15.8,22.14,75.59,77.91
2026-06-23T00:00:00,cce-prod-node-a,26.12,33.12,19.04,25.37,65.48,67.82
2026-06-23T06:00:00,cce-prod-node-a,24.48,35.34,18.1,23.31,63.72,67.57
2026-06-23T12:00:00,cce-prod-node-a,25.17,41.38,21.14,24.31,77.89,80.36
2026-06-23T18:00:00,cce-prod-node-a,23.81,36.31,18.6,27.04,74.65,78.61
2026-06-24T00:00:00,cce-prod-node-a,24.9,33.37,20.03,20.66,64.62,68.3
2026-06-24T06:00:00,cce-prod-node-a,27.29,29.37,15.88,21.03,63.87,67.49
2026-06-24T12:00:00,cce-prod-node-a,25.69,36.5,20.67,24.81,77.85,77.81
2026-06-24T18:00:00,cce-prod-node-a,24.43,32.04,18.57,23.91,73.62,77.5
2026-06-25T00:00:00,cce-prod-node-a,21.05,31.22,16.81,25.66,66.45,65.38
2026-06-25T06:00:00,cce-prod-node-a,20.89,30.77,16.33,21.16,65.96,67.82
2026-06-25T12:00:00,cce-prod-node-a,23.99,37.95,21.79,25.59,75.87,78.37
2026-06-25T18:00:00,cce-prod-node-a,26.39,34.54,17.03,26.09,73.11,77.1
2026-06-26T00:00:00,cce-prod-node-a,20.76,31.85,18.02,22.47,65.91,68.28
2026-06-26T06:00:00,cce-prod-node-a,25.92,30.63,20.31,25.52,66.25,66.08
2026-06-26T12:00:00,cce-prod-node-a,23.45,38.19,16.27,26.37,75.52,77.23
2026-06-26T18:00:00,cce-prod-node-a,24.7,35.38,18.11,21.52,74.47,76.25
2026-06-27T00:00:00,cce-prod-node-a,26.14,32.24,16.94,23.13,65.94,67.45
2026-06-27T06:00:00,cce-prod-node-a,22.7,30.82,15.75,19.89,65.6,64.82
2026-06-27T12:00:00,cce-prod-node-a,22.78,26.47,17.97,21.7,61.57,62.47
2026-06-27T18:00:00,cce-prod-node-a,22.38,32.6,16.41,21.08,60.54,63.93
2026-06-28T00:00:00,cce-prod-node-a,27.02,31.66,17.44,25.37,65.01,67.76
2026-06-28T06:00:00,cce-prod-node-a,18.8,28.85,16.68,25.35,62.46,63.94
2026-06-28T12:00:00,cce-prod-node-a,20.85,25.76,14.23,21.57,63.91,63.66
2026-06-28T18:00:00,cce-prod-node-a,16.51,31.49,13.9,22.29,59.02,62.6
2026-06-29T00:00:00,cce-prod-node-a,24.3,31.53,18.57,26.45,65.44,66.91
2026-06-29T06:00:00,cce-prod-node-a,25.23,31.43,14.39,24.79,62.23,65.03
2026-06-29T12:00:00,cce-prod-node-a,24.49,34.43,17.3,23.61,75.68,78.45
2026-06-29T18:00:00,cce-prod-node-a,23.2,31.81,20.11,24.79,73.96,74.51
2026-06-30T00:00:00,cce-prod-node-a,21.19,32.85,18.58,24.4,63.93,64.8
2026-06-30T06:00:00,cce-prod-node-a,22.1,34.93,19.02,23.9,62.86,64.75
2026-06-30T12:00:00,cce-prod-node-a,27.67,38.89,19.11,26.18,75.11,77.58
2026-06-30T18:00:00,cce-prod-node-a,23.07,35.93,18.58,20.97,75.18,77.52
2026-06-01T00:00:00,cce-prod-node-b,68.99,78.94,45.83,53.9,78.42,81.18
2026-06-01T06:00:00,cce-prod-node-b,69.81,77.66,49.55,49.19,79.88,81.71
2026-06-01T12:00:00,cce-prod-node-b,91.72,91.93,56.03,66.15,94.53,97.75
2026-06-01T18:00:00,cce-prod-node-b,89.09,95.99,60.85,67.96,99.5,99.5
2026-06-02T00:00:00,cce-prod-node-b,72.37,77.7,47.54,51.9,79.88,80.54
2026-06-02T06:00:00,cce-prod-node-b,74.18,75.5,45.51,51.41,79.67,79.81
2026-06-02T12:00:00,cce-prod-node-b,91.31,91.3,59.14,61.9,96.08,97.79
2026-06-02T18:00:00,cce-prod-node-b,86.86,95.39,59.83,67.44,98.32,99.5
2026-06-03T00:00:00,cce-prod-node-b,72.18,78.29,49.84,50.2,78.51,81.63
2026-06-03T06:00:00,cce-prod-node-b,73.62,72.06,49.02,49.82,78.26,80.52
2026-06-03T12:00:00,cce-prod-node-b,91.24,91.17,57.47,63.96,97.07,98.32
2026-06-03T18:00:00,cce-prod-node-b,86.69,93.21,63.33,65.76,97.09,98.54
2026-06-04T00:00:00,cce-prod-node-b,74.05,78.8,48.91,54.73,78.17,80.79
2026-06-04T06:00:00,cce-prod-node-b,71.79,77.24,48.58,54.19,79.34,79.54
2026-06-04T12:00:00,cce-prod-node-b,86.74,90.08,60.08,65.53,95.79,98.06
2026-06-04T18:00:00,cce-prod-node-b,92.67,95.4,60.27,66.29,99.5,99.27
2026-06-05T00:00:00,cce-prod-node-b,74.45,74.28,45.77,53.55,80.08,77.82
2026-06-05T06:00:00,cce-prod-node-b,76.55,77.69,50.07,50.47,80.32,81.25
2026-06-05T12:00:00,cce-prod-node-b,92.53,96.08,61.85,62.85,97.7,97.77
2026-06-05T18:00:00,cce-prod-node-b,92.38,91.38,62.06,67.58,99.5,99.5
2026-06-06T00:00:00,cce-prod-node-b,75.33,74.15,45.12,53.24,79.04,78.62
2026-06-06T06:00:00,cce-prod-node-b,75.5,78.41,50.31,50.63,79.66,80.78
2026-06-06T12:00:00,cce-prod-node-b,72.34,77.85,52.93,56.06,81.95,83.45
2026-06-06T18:00:00,cce-prod-node-b,79.16,82.82,49.31,58.23,84.07,83.76
2026-06-07T00:00:00,cce-prod-node-b,70.71,72.88,49.66,51.82,79.77,78.9
2026-06-07T06:00:00,cce-prod-node-b,76.04,75.24,48.38,54.71,80.66,81.25
2026-06-07T12:00:00,cce-prod-node-b,78.39,75.22,52.87,53.49,80.22,83.13
2026-06-07T18:00:00,cce-prod-node-b,75.78,78.84,51.71,58.42,84.34,83.27
2026-06-08T00:00:00,cce-prod-node-b,73.56,75.57,44.86,52.67,77.12,79.82
2026-06-08T06:00:00,cce-prod-node-b,75.23,75.11,48.13,51.79,81.64,81.95
2026-06-08T12:00:00,cce-prod-node-b,90.55,94.65,58.68,65.9,97.96,98.85
2026-06-08T18:00:00,cce-prod-node-b,87.57,98.15,62.36,64.78,98.75,99.5
2026-06-09T00:00:00,cce-prod-node-b,71.6,77.56,46.01,53.02,80.32,79.8
2026-06-09T06:00:00,cce-prod-node-b,71.94,80.76,46.46,52.65,79.21,79.89
2026-06-09T12:00:00,cce-prod-node-b,88.05,90.99,59.92,64.31,96.94,99.5
2026-06-09T18:00:00,cce-prod-node-b,90.79,97.17,59.77,66.71,97.57,99.17
2026-06-10T00:00:00,cce-prod-node-b,74.04,77.36,48.48,52.21,81.49,81.52
2026-06-10T06:00:00,cce-prod-node-b,70.69,80.38,51.98,52.0,79.87,81.63
2026-06-10T12:00:00,cce-prod-node-b,89.7,97.43,59.1,65.59,98.52,98.43
2026-06-10T18:00:00,cce-prod-node-b,89.39,98.97,60.42,68.55,99.5,99.5
2026-06-11T00:00:00,cce-prod-node-b,72.24,79.69,47.15,55.27,80.49,80.41
2026-06-11T06:00:00,cce-prod-node-b,76.5,78.46,52.99,53.16,80.53,84.0
2026-06-11T12:00:00,cce-prod-node-b,86.63,91.44,61.3,65.96,99.5,99.5
2026-06-11T18:00:00,cce-prod-node-b,91.7,94.02,64.19,67.16,99.5,99.5
2026-06-12T00:00:00,cce-prod-node-b,76.32,74.22,48.23,55.25,81.06,80.36
2026-06-12T06:00:00,cce-prod-node-b,72.24,81.46,51.15,52.66,82.8,83.86
2026-06-12T12:00:00,cce-prod-node-b,91.02,92.77,63.93,66.69,99.47,99.21
2026-06-12T18:00:00,cce-prod-node-b,88.42,96.05,61.8,66.55,99.5,99.5
2026-06-13T00:00:00,cce-prod-node-b,73.2,77.37,46.43,51.67,79.76,80.31
2026-06-13T06:00:00,cce-prod-node-b,72.08,76.43,48.87,53.06,84.11,83.84
2026-06-13T12:00:00,cce-prod-node-b,77.75,80.53,49.01,53.97,84.91,83.06
2026-06-13T18:00:00,cce-prod-node-b,78.01,79.06,52.59,53.39,84.62,82.78
2026-06-14T00:00:00,cce-prod-node-b,71.94,75.65,50.93,51.17,82.0,82.9
2026-06-14T06:00:00,cce-prod-node-b,71.63,76.91,53.28,53.09,82.13,82.71
2026-06-14T12:00:00,cce-prod-node-b,79.23,81.6,49.12,54.57,83.8,82.27
2026-06-14T18:00:00,cce-prod-node-b,74.86,78.21,51.44,55.71,81.33,84.27
2026-06-15T00:00:00,cce-prod-node-b,73.83,75.32,48.46,54.52,79.51,80.97
2026-06-15T06:00:00,cce-prod-node-b,79.2,79.16,53.27,58.22,80.94,82.04
2026-06-15T12:00:00,cce-prod-node-b,94.08,92.94,59.08,68.31,99.5,99.5
2026-06-15T18:00:00,cce-prod-node-b,92.04,92.66,59.64,67.54,97.4,99.5
2026-06-16T00:00:00,cce-prod-node-b,71.45,77.22,49.64,54.4,80.62,80.45
2026-06-16T06:00:00,cce-prod-node-b,79.42,79.33,53.42,53.79,84.27,85.22
2026-06-16T12:00:00,cce-prod-node-b,88.62,91.04,60.68,68.18,99.5,99.5
2026-06-16T18:00:00,cce-prod-node-b,91.63,95.38,59.48,67.37,99.5,99.5
2026-06-17T00:00:00,cce-prod-node-b,71.93,77.82,52.18,55.0,82.95,83.76
2026-06-17T06:00:00,cce-prod-node-b,72.8,75.39,53.16,57.54,84.11,83.38
2026-06-17T12:00:00,cce-prod-node-b,87.25,94.75,61.91,69.31,99.5,99.5
2026-06-17T18:00:00,cce-prod-node-b,89.17,92.54,61.67,64.31,96.05,99.5
2026-06-18T00:00:00,cce-prod-node-b,73.23,81.02,52.09,52.29,82.45,81.41
2026-06-18T06:00:00,cce-prod-node-b,73.47,78.17,54.57,53.58,83.55,84.25
2026-06-18T12:00:00,cce-prod-node-b,91.75,97.24,62.52,66.78,99.32,98.79
2026-06-18T18:00:00,cce-prod-node-b,92.77,94.16,61.16,68.24,99.38,98.33
2026-06-19T00:00:00,cce-prod-node-b,78.7,82.35,52.86,53.96,82.08,83.34
2026-06-19T06:00:00,cce-prod-node-b,77.76,78.49,52.05,59.12,81.42,85.38
2026-06-19T12:00:00,cce-prod-node-b,88.57,98.36,61.14,67.11,99.06,99.5
2026-06-19T18:00:00,cce-prod-node-b,86.45,90.95,60.1,67.52,99.01,98.15
2026-06-20T00:00:00,cce-prod-node-b,74.78,77.36,50.46,53.92,80.98,85.2
2026-06-20T06:00:00,cce-prod-node-b,79.75,82.0,52.39,55.76,82.6,82.68
2026-06-20T12:00:00,cce-prod-node-b,71.78,82.52,51.42,58.54,83.17,84.01
2026-06-20T18:00:00,cce-prod-node-b,72.48,77.6,51.68,52.51,79.43,81.7
2026-06-21T00:00:00,cce-prod-node-b,76.18,76.49,52.22,58.07,80.91,81.52
2026-06-21T06:00:00,cce-prod-node-b,75.28,76.06,53.29,56.33,83.79,85.54
2026-06-21T12:00:00,cce-prod-node-b,76.4,82.29,48.59,55.08,83.22,84.74
2026-06-21T18:00:00,cce-prod-node-b,72.28,78.35,50.19,56.39,80.9,81.79
2026-06-22T00:00:00,cce-prod-node-b,71.93,81.14,52.26,53.88,82.25,85.46
2026-06-22T06:00:00,cce-prod-node-b,73.52,83.28,51.77,57.72,82.32,84.5
2026-06-22T12:00:00,cce-prod-node-b,87.55,93.82,57.9,67.02,96.88,97.63
2026-06-22T18:00:00,cce-prod-node-b,90.66,88.37,57.94,62.63,95.56,96.03
2026-06-23T00:00:00,cce-prod-node-b,74.3,78.79,51.04,57.23,83.65,84.75
2026-06-23T06:00:00,cce-prod-node-b,72.52,77.93,53.11,53.81,82.1,84.67
2026-06-23T12:00:00,cce-prod-node-b,86.69,91.93,61.0,66.39,97.11,97.94
2026-06-23T18:00:00,cce-prod-node-b,85.85,95.52,58.88,61.84,97.58,97.96
2026-06-24T00:00:00,cce-prod-node-b,74.72,79.31,52.81,57.36,81.8,84.79
2026-06-24T06:00:00,cce-prod-node-b,77.81,78.16,52.64,54.89,82.59,85.07
2026-06-24T12:00:00,cce-prod-node-b,88.54,93.83,60.81,62.84,97.11,98.03
2026-06-24T18:00:00,cce-prod-node-b,89.68,92.13,58.75,65.78,94.29,97.74
2026-06-25T00:00:00,cce-prod-node-b,72.87,81.75,49.08,55.16,84.35,85.28
2026-06-25T06:00:00,cce-prod-node-b,74.78,76.46,50.59,57.26,81.55,85.33
2026-06-25T12:00:00,cce-prod-node-b,90.83,93.48,56.78,62.81,98.95,97.52
2026-06-25T18:00:00,cce-prod-node-b,89.76,87.28,60.52,64.82,94.24,98.49
2026-06-26T00:00:00,cce-prod-node-b,77.59,80.08,52.54,53.78,82.84,86.03
2026-06-26T06:00:00,cce-prod-node-b,73.45,80.56,50.44,54.12,80.59,82.33
2026-06-26T12:00:00,cce-prod-node-b,87.32,95.57,59.07,64.67,96.52,97.23
2026-06-26T18:00:00,cce-prod-node-b,83.49,94.31,60.32,60.72,94.3,96.29
2026-06-27T00:00:00,cce-prod-node-b,76.84,76.71,50.59,59.21,82.19,82.41
2026-06-27T06:00:00,cce-prod-node-b,78.93,75.98,48.89,58.06,81.97,82.06
2026-06-27T12:00:00,cce-prod-node-b,70.06,75.22,48.92,53.8,81.38,82.73
2026-06-27T18:00:00,cce-prod-node-b,75.64,76.34,48.32,49.83,78.66,81.29
2026-06-28T00:00:00,cce-prod-node-b,78.82,78.68,54.51,54.53,84.5,82.5
2026-06-28T06:00:00,cce-prod-node-b,76.69,81.4,48.38,55.08,80.81,81.18
2026-06-28T12:00:00,cce-prod-node-b,73.07,76.23,50.04,50.58,82.03,79.18
2026-06-28T18:00:00,cce-prod-node-b,71.41,78.31,47.57,50.12,80.42,78.33
2026-06-29T00:00:00,cce-prod-node-b,72.51,77.28,52.48,58.37,84.55,84.59
2026-06-29T06:00:00,cce-prod-node-b,77.8,79.15,48.11,55.34,83.0,81.51
2026-06-29T12:00:00,cce-prod-node-b,86.33,94.66,58.13,63.29,96.13,96.04
2026-06-29T18:00:00,cce-prod-node-b,87.3,90.57,55.61,64.47,95.45,95.3
2026-06-30T00:00:00,cce-prod-node-b,74.47,80.89,54.25,53.39,84.59,82.18
2026-06-30T06:00:00,cce-prod-node-b,77.73,74.3,47.7,52.34,82.39,82.84
2026-06-30T12:00:00,cce-prod-node-b,85.54,93.98,55.41,62.83,95.32,95.32
2026-06-30T18:00:00,cce-prod-node-b,83.59,87.53,55.94,65.44,93.3,97.21
2026-06-01T00:00:00,ecs-dev-sandbox-01,2.44,7.25,0,1.2,38.06,44.36
2026-06-01T06:00:00,ecs-dev-sandbox-01,0,7.62,0,2.84,39.77,42.56
2026-06-01T12:00:00,ecs-dev-sandbox-01,4.97,4.47,1.07,7.61,47.37,53.87
2026-06-01T18:00:00,ecs-dev-sandbox-01,1.51,12.31,6.2,4.24,51.01,53.55
2026-06-02T00:00:00,ecs-dev-sandbox-01,0,7.86,0.58,3.63,38.88,44.04
2026-06-02T06:00:00,ecs-dev-sandbox-01,4.31,6.77,0,0.25,36.96,42.36
2026-06-02T12:00:00,ecs-dev-sandbox-01,4.62,4.92,0,5.43,47.16,54.91
2026-06-02T18:00:00,ecs-dev-sandbox-01,3.44,8.9,1.78,6.83,51.97,56.69
2026-06-03T00:00:00,ecs-dev-sandbox-01,0,4.69,2.29,2.43,38.39,41.14
2026-06-03T06:00:00,ecs-dev-sandbox-01,1.67,6.1,2.68,6.0,37.4,41.6
2026-06-03T12:00:00,ecs-dev-sandbox-01,5.83,9.88,3.74,6.1,48.58,53.22
2026-06-03T18:00:00,ecs-dev-sandbox-01,5.78,9.35,6.26,9.36,48.52,56.23
2026-06-04T00:00:00,ecs-dev-sandbox-01,0.14,1.97,0.44,1.7,39.26,43.95
2026-06-04T06:00:00,ecs-dev-sandbox-01,0,5.4,0,4.57,39.82,42.92
2026-06-04T12:00:00,ecs-dev-sandbox-01,7.03,5.08,4.54,7.27,46.87,52.76
2026-06-04T18:00:00,ecs-dev-sandbox-01,7.94,14.18,1.58,9.05,49.7,54.2
2026-06-05T00:00:00,ecs-dev-sandbox-01,0,7.33,1.57,0.77,38.93,44.02
2026-06-05T06:00:00,ecs-dev-sandbox-01,3.28,3.61,0.48,5.28,40.33,43.53
2026-06-05T12:00:00,ecs-dev-sandbox-01,0.56,7.57,1.24,6.59,47.62,53.05
2026-06-05T18:00:00,ecs-dev-sandbox-01,5.33,13.31,4.04,6.8,48.94,57.73
2026-06-06T00:00:00,ecs-dev-sandbox-01,0,6.73,0,1.88,40.09,42.18
2026-06-06T06:00:00,ecs-dev-sandbox-01,5.07,2.39,2.39,3.56,39.54,44.26
2026-06-06T12:00:00,ecs-dev-sandbox-01,1.32,10.86,5.1,4.1,39.55,44.19
2026-06-06T18:00:00,ecs-dev-sandbox-01,2.41,8.42,3.99,7.22,43.5,45.65
2026-06-07T00:00:00,ecs-dev-sandbox-01,1.79,7.59,1.4,4.91,37.53,43.15
2026-06-07T06:00:00,ecs-dev-sandbox-01,0.04,2.8,1.07,4.96,38.76,45.02
2026-06-07T12:00:00,ecs-dev-sandbox-01,0.79,8.52,4.3,6.02,39.87,45.02
2026-06-07T18:00:00,ecs-dev-sandbox-01,4.4,8.22,1.25,5.29,40.86,48.77
2026-06-08T00:00:00,ecs-dev-sandbox-01,0.94,8.18,2.68,6.04,38.8,44.66
2026-06-08T06:00:00,ecs-dev-sandbox-01,5.16,4.48,3.28,2.77,39.63,44.3
2026-06-08T12:00:00,ecs-dev-sandbox-01,5.89,8.13,5.58,9.22,49.5,55.08
2026-06-08T18:00:00,ecs-dev-sandbox-01,1.91,11.6,3.1,8.22,50.82,55.76
2026-06-09T00:00:00,ecs-dev-sandbox-01,0,3.35,2.42,5.73,39.29,44.62
2026-06-09T06:00:00,ecs-dev-sandbox-01,4.36,3.82,1.25,5.53,40.4,44.46
2026-06-09T12:00:00,ecs-dev-sandbox-01,3.32,9.6,5.06,5.89,51.59,55.04
2026-06-09T18:00:00,ecs-dev-sandbox-01,5.56,7.93,6.45,8.26,50.08,56.78
2026-06-10T00:00:00,ecs-dev-sandbox-01,0,8.35,0,2.38,39.8,44.1
2026-06-10T06:00:00,ecs-dev-sandbox-01,5.2,3.53,0.74,3.57,41.87,44.42
2026-06-10T12:00:00,ecs-dev-sandbox-01,3.58,7.17,2.07,7.04,49.55,57.69
2026-06-10T18:00:00,ecs-dev-sandbox-01,8.08,7.66,1.85,8.2,51.22,54.21
2026-06-11T00:00:00,ecs-dev-sandbox-01,0,4.87,3.06,3.84,40.75,44.45
2026-06-11T06:00:00,ecs-dev-sandbox-01,3.39,10.31,4.29,8.0,42.99,46.96
2026-06-11T12:00:00,ecs-dev-sandbox-01,4.55,10.66,4.15,6.78,50.2,55.51
2026-06-11T18:00:00,ecs-dev-sandbox-01,3.11,10.15,3.7,10.25,50.98,57.69
2026-06-12T00:00:00,ecs-dev-sandbox-01,3.77,9.62,3.75,5.75,38.28,43.34
2026-06-12T06:00:00,ecs-dev-sandbox-01,7.04,7.73,4.42,8.5,39.81,47.35
2026-06-12T12:00:00,ecs-dev-sandbox-01,2.36,13.66,1.46,10.09,48.94,55.72
2026-06-12T18:00:00,ecs-dev-sandbox-01,8.84,10.77,4.2,10.48,51.78,55.61
2026-06-13T00:00:00,ecs-dev-sandbox-01,1.43,6.78,0.08,3.27,41.51,43.68
2026-06-13T06:00:00,ecs-dev-sandbox-01,2.14,5.58,1.07,3.81,39.67,45.75
2026-06-13T12:00:00,ecs-dev-sandbox-01,7.43,8.53,3.92,4.41,43.96,48.01
2026-06-13T18:00:00,ecs-dev-sandbox-01,3.74,6.06,1.63,7.56,40.73,47.38
2026-06-14T00:00:00,ecs-dev-sandbox-01,0,3.25,0,4.46,39.18,44.75
2026-06-14T06:00:00,ecs-dev-sandbox-01,1.09,7.72,5.21,4.62,40.52,46.87
2026-06-14T12:00:00,ecs-dev-sandbox-01,2.5,12.1,1.91,10.06,43.6,48.66
2026-06-14T18:00:00,ecs-dev-sandbox-01,7.95,5.06,5.83,8.9,42.79,45.02
2026-06-15T00:00:00,ecs-dev-sandbox-01,3.48,7.08,4.26,6.03,38.61,43.16
2026-06-15T06:00:00,ecs-dev-sandbox-01,7.3,7.95,2.44,6.63,40.45,44.93
2026-06-15T12:00:00,ecs-dev-sandbox-01,1.39,10.61,2.61,9.55,50.87,57.16
2026-06-15T18:00:00,ecs-dev-sandbox-01,5.5,7.44,0.95,5.08,50.78,55.26
2026-06-16T00:00:00,ecs-dev-sandbox-01,6.2,4.35,3.28,7.6,40.0,45.18
2026-06-16T06:00:00,ecs-dev-sandbox-01,4.51,11.3,1.81,9.08,43.72,45.54
2026-06-16T12:00:00,ecs-dev-sandbox-01,4.51,11.39,5.38,9.46,49.69,57.45
2026-06-16T18:00:00,ecs-dev-sandbox-01,5.09,9.54,3.93,4.6,51.2,55.05
2026-06-17T00:00:00,ecs-dev-sandbox-01,2.08,3.89,3.24,7.72,42.51,45.56
2026-06-17T06:00:00,ecs-dev-sandbox-01,7.28,7.19,2.58,9.15,43.58,45.5
2026-06-17T12:00:00,ecs-dev-sandbox-01,6.82,10.24,6.37,5.32,51.43,55.87
2026-06-17T18:00:00,ecs-dev-sandbox-01,3.85,5.61,2.18,8.6,49.15,53.19
2026-06-18T00:00:00,ecs-dev-sandbox-01,6.48,5.84,0,4.33,42.28,46.74
2026-06-18T06:00:00,ecs-dev-sandbox-01,7.54,8.36,5.72,8.75,43.72,46.61
2026-06-18T12:00:00,ecs-dev-sandbox-01,4.17,10.26,5.05,10.85,49.1,56.99
2026-06-18T18:00:00,ecs-dev-sandbox-01,5.55,11.22,3.31,7.86,50.9,54.61
2026-06-19T00:00:00,ecs-dev-sandbox-01,1.96,9.82,2.97,5.44,42.13,45.88
2026-06-19T06:00:00,ecs-dev-sandbox-01,2.48,9.52,3.64,4.75,43.67,45.49
2026-06-19T12:00:00,ecs-dev-sandbox-01,1.28,9.88,4.53,7.28,50.9,55.12
2026-06-19T18:00:00,ecs-dev-sandbox-01,3.32,6.31,1.89,9.05,49.62,53.21
2026-06-20T00:00:00,ecs-dev-sandbox-01,0.39,10.94,3.94,8.37,40.06,46.85
2026-06-20T06:00:00,ecs-dev-sandbox-01,3.7,8.72,1.25,6.38,43.16,47.82
2026-06-20T12:00:00,ecs-dev-sandbox-01,4.16,7.58,3.65,7.4,41.52,46.47
2026-06-20T18:00:00,ecs-dev-sandbox-01,4.77,5.17,2.54,3.32,40.69,45.44
2026-06-21T00:00:00,ecs-dev-sandbox-01,4.71,6.61,4.76,6.53,41.71,48.18
2026-06-21T06:00:00,ecs-dev-sandbox-01,3.55,9.62,5.01,6.51,43.7,45.67
2026-06-21T12:00:00,ecs-dev-sandbox-01,0.55,7.65,4.83,5.23,39.93,45.46
2026-06-21T18:00:00,ecs-dev-sandbox-01,0.29,6.68,0.64,4.86,39.73,43.28
2026-06-22T00:00:00,ecs-dev-sandbox-01,3.89,5.95,4.44,4.57,42.44,45.32
2026-06-22T06:00:00,ecs-dev-sandbox-01,1.25,5.66,6.16,6.28,43.9,45.79
2026-06-22T12:00:00,ecs-dev-sandbox-01,6.28,9.3,1.11,4.38,50.22,54.03
2026-06-22T18:00:00,ecs-dev-sandbox-01,2.61,7.51,0,6.31,49.74,52.28
2026-06-23T00:00:00,ecs-dev-sandbox-01,7.03,12.31,5.98,4.28,40.99,48.17
2026-06-23T06:00:00,ecs-dev-sandbox-01,6.41,9.9,5.36,6.48,42.63,48.87
2026-06-23T12:00:00,ecs-dev-sandbox-01,5.49,6.8,0.22,3.95,49.57,56.04
2026-06-23T18:00:00,ecs-dev-sandbox-01,5.29,9.78,0.75,5.3,47.4,54.47
2026-06-24T00:00:00,ecs-dev-sandbox-01,8.54,10.91,4.47,4.46,41.12,48.01
2026-06-24T06:00:00,ecs-dev-sandbox-01,7.91,8.16,4.14,7.7,41.63,48.05
2026-06-24T12:00:00,ecs-dev-sandbox-01,6.72,12.21,3.48,7.06,49.72,55.26
2026-06-24T18:00:00,ecs-dev-sandbox-01,0.71,5.6,0,3.66,46.04,54.53
2026-06-25T00:00:00,ecs-dev-sandbox-01,8.15,7.68,1.21,5.99,44.58,48.2
2026-06-25T06:00:00,ecs-dev-sandbox-01,2.93,6.55,1.97,8.21,43.22,47.75
2026-06-25T12:00:00,ecs-dev-sandbox-01,0.84,5.33,5.04,5.89,48.5,53.38
2026-06-25T18:00:00,ecs-dev-sandbox-01,0,4.62,0,6.28,48.64,53.55
2026-06-26T00:00:00,ecs-dev-sandbox-01,1.21,8.57,5.04,6.32,41.11,48.78
2026-06-26T06:00:00,ecs-dev-sandbox-01,1.61,9.44,0.45,5.86,42.82,46.17
2026-06-26T12:00:00,ecs-dev-sandbox-01,5.34,9.04,1.1,5.59,48.13,52.78
2026-06-26T18:00:00,ecs-dev-sandbox-01,3.33,5.14,1.59,2.92,46.44,51.97
2026-06-27T00:00:00,ecs-dev-sandbox-01,6.8,12.97,6.17,6.0,43.12,45.43
2026-06-27T06:00:00,ecs-dev-sandbox-01,1.47,12.31,4.9,8.26,42.43,47.45
2026-06-27T12:00:00,ecs-dev-sandbox-01,3.98,9.05,4.24,4.78,41.24,42.67
2026-06-27T18:00:00,ecs-dev-sandbox-01,2.75,6.83,0,5.58,36.74,42.1
2026-06-28T00:00:00,ecs-dev-sandbox-01,5.83,8.48,3.36,6.42,40.81,46.39
2026-06-28T06:00:00,ecs-dev-sandbox-01,0.46,4.81,3.62,7.31,40.51,44.1
2026-06-28T12:00:00,ecs-dev-sandbox-01,1.61,3.31,2.75,2.02,37.93,42.94
2026-06-28T18:00:00,ecs-dev-sandbox-01,1.37,2.36,0,4.92,37.72,41.24
2026-06-29T00:00:00,ecs-dev-sandbox-01,4.93,6.13,4.38,5.22,40.91,48.33
2026-06-29T06:00:00,ecs-dev-sandbox-01,4.46,6.24,0,4.89,42.26,43.95
2026-06-29T12:00:00,ecs-dev-sandbox-01,0.7,6.9,0.62,4.96,45.95,52.55
2026-06-29T18:00:00,ecs-dev-sandbox-01,3.77,8.91,1.83,4.46,47.18,53.05
2026-06-30T00:00:00,ecs-dev-sandbox-01,0.6,11.66,2.13,7.58,42.68,47.86
2026-06-30T06:00:00,ecs-dev-sandbox-01,4.26,5.85,0.34,5.87,40.31,44.48
2026-06-30T12:00:00,ecs-dev-sandbox-01,1.5,5.44,3.49,5.06,46.79,54.27
2026-06-30T18:00:00,ecs-dev-sandbox-01,2.04,2.57,0,5.48,45.51,51.73
2026-06-01T00:00:00,ecs-qa-legacy-01,9.08,14.12,3.79,8.95,37.13,48.66
2026-06-01T06:00:00,ecs-qa-legacy-01,9.07,14.51,2.94,10.21,40.14,45.61
2026-06-01T12:00:00,ecs-qa-legacy-01,14.82,22.45,8.83,17.34,46.44,60.55
2026-06-01T18:00:00,ecs-qa-legacy-01,10.29,25.33,8.47,17.11,48.04,61.21
2026-06-02T00:00:00,ecs-qa-legacy-01,12.47,15.27,5.23,12.28,37.93,48.29
2026-06-02T06:00:00,ecs-qa-legacy-01,11.96,19.91,5.16,11.55,38.85,49.36
2026-06-02T12:00:00,ecs-qa-legacy-01,12.46,24.45,6.26,15.25,49.59,57.53
2026-06-02T18:00:00,ecs-qa-legacy-01,13.09,29.14,11.88,16.89,50.33,60.49
2026-06-03T00:00:00,ecs-qa-legacy-01,5.26,18.43,4.55,12.62,37.13,45.98
2026-06-03T06:00:00,ecs-qa-legacy-01,12.32,16.22,3.25,13.42,37.19,49.69
2026-06-03T12:00:00,ecs-qa-legacy-01,8.97,22.59,9.44,17.84,47.03,59.71
2026-06-03T18:00:00,ecs-qa-legacy-01,11.4,22.76,10.55,18.06,48.96,59.74
2026-06-04T00:00:00,ecs-qa-legacy-01,9.19,20.12,4.89,13.24,37.7,48.87
2026-06-04T06:00:00,ecs-qa-legacy-01,5.98,20.43,4.3,11.39,40.22,47.71
2026-06-04T12:00:00,ecs-qa-legacy-01,10.34,23.02,7.14,14.16,50.63,58.87
2026-06-04T18:00:00,ecs-qa-legacy-01,18.16,29.29,12.02,18.87,50.67,61.58
2026-06-05T00:00:00,ecs-qa-legacy-01,4.74,15.16,2.51,13.26,36.5,45.4
2026-06-05T06:00:00,ecs-qa-legacy-01,6.03,19.14,4.65,13.69,40.0,48.3
2026-06-05T12:00:00,ecs-qa-legacy-01,11.53,21.3,10.74,14.78,50.08,58.62
2026-06-05T18:00:00,ecs-qa-legacy-01,14.25,23.13,12.21,20.28,49.93,60.86
2026-06-06T00:00:00,ecs-qa-legacy-01,9.45,20.28,5.95,10.31,39.67,46.62
2026-06-06T06:00:00,ecs-qa-legacy-01,6.69,17.65,7.23,10.92,38.68,48.35
2026-06-06T12:00:00,ecs-qa-legacy-01,8.41,23.28,6.69,14.56,39.44,50.42
2026-06-06T18:00:00,ecs-qa-legacy-01,11.4,23.12,7.96,14.27,41.35,53.47
2026-06-07T00:00:00,ecs-qa-legacy-01,7.92,16.0,4.38,9.37,39.91,46.05
2026-06-07T06:00:00,ecs-qa-legacy-01,11.87,17.87,8.09,11.24,39.92,50.62
2026-06-07T12:00:00,ecs-qa-legacy-01,11.45,21.27,9.82,12.57,42.57,49.9
2026-06-07T18:00:00,ecs-qa-legacy-01,15.72,20.32,9.97,15.16,44.04,52.03
2026-06-08T00:00:00,ecs-qa-legacy-01,9.02,18.76,2.38,12.2,36.63,47.25
2026-06-08T06:00:00,ecs-qa-legacy-01,13.2,15.45,7.78,16.43,39.52,49.45
2026-06-08T12:00:00,ecs-qa-legacy-01,12.25,26.87,11.87,19.02,49.38,58.79
2026-06-08T18:00:00,ecs-qa-legacy-01,17.9,25.02,7.62,20.67,52.06,62.09
2026-06-09T00:00:00,ecs-qa-legacy-01,5.81,15.58,2.19,12.06,39.89,48.66
2026-06-09T06:00:00,ecs-qa-legacy-01,10.61,22.66,3.46,11.99,40.49,49.54
2026-06-09T12:00:00,ecs-qa-legacy-01,14.47,24.39,12.02,16.29,48.61,59.32
2026-06-09T18:00:00,ecs-qa-legacy-01,13.99,22.46,11.51,18.87,51.45,60.37
2026-06-10T00:00:00,ecs-qa-legacy-01,7.73,15.51,4.28,10.01,40.15,47.9
2026-06-10T06:00:00,ecs-qa-legacy-01,9.36,16.44,5.0,15.67,39.8,48.01
2026-06-10T12:00:00,ecs-qa-legacy-01,16.84,26.42,11.5,16.64,49.21,62.72
2026-06-10T18:00:00,ecs-qa-legacy-01,11.4,22.28,9.01,16.08,48.91,60.69
2026-06-11T00:00:00,ecs-qa-legacy-01,11.27,20.81,8.02,15.32,40.4,49.9
2026-06-11T06:00:00,ecs-qa-legacy-01,12.2,19.61,6.84,14.04,39.62,50.59
2026-06-11T12:00:00,ecs-qa-legacy-01,16.1,27.94,6.67,16.51,49.82,60.58
2026-06-11T18:00:00,ecs-qa-legacy-01,13.54,27.39,7.22,19.76,50.81,62.65
2026-06-12T00:00:00,ecs-qa-legacy-01,13.09,20.06,3.47,12.82,39.12,47.45
2026-06-12T06:00:00,ecs-qa-legacy-01,11.34,18.16,10.1,12.94,40.23,49.46
2026-06-12T12:00:00,ecs-qa-legacy-01,18.15,24.1,6.79,19.56,50.56,60.01
2026-06-12T18:00:00,ecs-qa-legacy-01,14.99,23.2,9.77,20.15,49.64,62.79
2026-06-13T00:00:00,ecs-qa-legacy-01,6.49,18.68,6.19,13.8,41.04,50.57
2026-06-13T06:00:00,ecs-qa-legacy-01,10.37,24.82,7.42,14.85,41.0,50.91
2026-06-13T12:00:00,ecs-qa-legacy-01,16.89,23.69,10.38,15.84,43.31,50.15
2026-06-13T18:00:00,ecs-qa-legacy-01,12.09,18.82,10.64,15.3,40.59,52.98
2026-06-14T00:00:00,ecs-qa-legacy-01,13.02,17.42,5.29,12.89,41.32,49.88
2026-06-14T06:00:00,ecs-qa-legacy-01,8.44,19.45,5.07,12.9,41.5,51.06
2026-06-14T12:00:00,ecs-qa-legacy-01,14.61,22.66,6.3,15.82,40.92,51.45
2026-06-14T18:00:00,ecs-qa-legacy-01,8.64,21.95,8.33,16.54,41.97,49.55
2026-06-15T00:00:00,ecs-qa-legacy-01,14.47,18.24,8.23,12.61,40.07,49.21
2026-06-15T06:00:00,ecs-qa-legacy-01,14.58,17.96,6.39,18.05,42.85,49.7
2026-06-15T12:00:00,ecs-qa-legacy-01,12.92,25.98,8.61,19.21,49.9,62.85
2026-06-15T18:00:00,ecs-qa-legacy-01,17.39,23.38,11.39,15.43,50.26,60.93
2026-06-16T00:00:00,ecs-qa-legacy-01,8.87,17.81,8.1,13.58,40.68,49.87
2026-06-16T06:00:00,ecs-qa-legacy-01,9.31,22.71,7.89,16.48,40.89,51.03
2026-06-16T12:00:00,ecs-qa-legacy-01,17.39,28.35,9.53,16.02,51.56,63.26
2026-06-16T18:00:00,ecs-qa-legacy-01,14.84,28.08,7.45,18.09,48.27,62.35
2026-06-17T00:00:00,ecs-qa-legacy-01,7.55,24.26,5.89,13.1,42.0,51.28
2026-06-17T06:00:00,ecs-qa-legacy-01,16.48,19.75,7.38,17.0,42.98,51.78
2026-06-17T12:00:00,ecs-qa-legacy-01,16.98,21.96,11.99,17.21,52.29,59.77
2026-06-17T18:00:00,ecs-qa-legacy-01,10.88,21.26,8.16,18.86,49.31,58.21
2026-06-18T00:00:00,ecs-qa-legacy-01,12.56,21.77,6.4,13.25,41.58,51.68
2026-06-18T06:00:00,ecs-qa-legacy-01,10.58,22.54,11.03,18.06,41.51,49.78
2026-06-18T12:00:00,ecs-qa-legacy-01,13.31,29.46,10.58,20.99,49.66,61.62
2026-06-18T18:00:00,ecs-qa-legacy-01,16.03,23.03,7.97,15.92,48.05,61.73
2026-06-19T00:00:00,ecs-qa-legacy-01,9.85,24.46,6.82,14.18,41.1,49.8
2026-06-19T06:00:00,ecs-qa-legacy-01,15.93,18.27,7.55,13.93,42.96,52.24
2026-06-19T12:00:00,ecs-qa-legacy-01,13.99,26.17,9.45,20.81,51.43,61.72
2026-06-19T18:00:00,ecs-qa-legacy-01,13.45,25.03,6.53,15.59,48.15,59.72
2026-06-20T00:00:00,ecs-qa-legacy-01,12.09,21.48,4.78,12.94,43.87,51.02
2026-06-20T06:00:00,ecs-qa-legacy-01,15.29,19.95,10.39,17.07,42.09,52.05
2026-06-20T12:00:00,ecs-qa-legacy-01,8.68,19.46,9.1,16.62,42.97,51.7
2026-06-20T18:00:00,ecs-qa-legacy-01,13.64,16.71,7.69,15.64,38.39,50.32
2026-06-21T00:00:00,ecs-qa-legacy-01,9.9,23.39,10.56,15.77,41.79,50.06
2026-06-21T06:00:00,ecs-qa-legacy-01,15.04,24.31,7.84,16.27,42.68,50.11
2026-06-21T12:00:00,ecs-qa-legacy-01,11.4,19.75,10.34,14.88,41.43,52.15
2026-06-21T18:00:00,ecs-qa-legacy-01,10.07,20.73,2.82,14.4,40.56,49.79
2026-06-22T00:00:00,ecs-qa-legacy-01,14.39,22.92,6.38,17.06,41.56,49.53
2026-06-22T06:00:00,ecs-qa-legacy-01,10.12,20.16,6.86,16.37,43.15,51.81
2026-06-22T12:00:00,ecs-qa-legacy-01,14.38,26.85,8.59,16.42,50.64,59.09
2026-06-22T18:00:00,ecs-qa-legacy-01,12.95,22.73,5.32,15.71,47.96,59.53
2026-06-23T00:00:00,ecs-qa-legacy-01,8.85,18.42,11.1,15.46,41.03,51.32
2026-06-23T06:00:00,ecs-qa-legacy-01,13.1,23.57,5.76,14.27,41.92,50.36
2026-06-23T12:00:00,ecs-qa-legacy-01,12.25,24.93,8.36,15.85,50.07,61.07
2026-06-23T18:00:00,ecs-qa-legacy-01,15.44,25.25,9.26,13.25,49.03,59.32
2026-06-24T00:00:00,ecs-qa-legacy-01,10.06,24.61,10.6,15.56,42.64,51.82
2026-06-24T06:00:00,ecs-qa-legacy-01,13.61,22.08,5.45,14.94,43.83,51.92
2026-06-24T12:00:00,ecs-qa-legacy-01,16.09,23.99,9.29,18.98,50.74,59.41
2026-06-24T18:00:00,ecs-qa-legacy-01,14.86,20.04,7.67,13.09,47.34,60.01
2026-06-25T00:00:00,ecs-qa-legacy-01,15.67,19.1,7.59,15.21,41.06,50.47
2026-06-25T06:00:00,ecs-qa-legacy-01,10.91,23.9,5.4,17.64,42.89,50.02
2026-06-25T12:00:00,ecs-qa-legacy-01,12.49,27.7,5.17,19.22,48.53,58.22
2026-06-25T18:00:00,ecs-qa-legacy-01,15.27,25.08,6.27,14.99,45.43,59.52
2026-06-26T00:00:00,ecs-qa-legacy-01,13.24,18.1,8.39,15.64,42.16,51.71
2026-06-26T06:00:00,ecs-qa-legacy-01,9.56,21.5,9.1,15.91,41.81,51.07
2026-06-26T12:00:00,ecs-qa-legacy-01,12.99,24.6,10.13,17.78,48.31,59.09
2026-06-26T18:00:00,ecs-qa-legacy-01,13.95,20.67,3.18,15.17,48.42,57.76
2026-06-27T00:00:00,ecs-qa-legacy-01,9.45,18.54,11.04,18.88,44.47,52.72
2026-06-27T06:00:00,ecs-qa-legacy-01,8.93,24.55,6.39,12.73,39.77,51.12
2026-06-27T12:00:00,ecs-qa-legacy-01,7.32,19.22,6.99,16.18,39.25,49.92
2026-06-27T18:00:00,ecs-qa-legacy-01,7.56,18.03,6.86,13.76,38.91,48.98
2026-06-28T00:00:00,ecs-qa-legacy-01,9.63,18.11,8.73,16.59,40.94,49.63
2026-06-28T06:00:00,ecs-qa-legacy-01,8.5,19.64,9.68,14.85,40.54,52.31
2026-06-28T12:00:00,ecs-qa-legacy-01,9.53,20.34,4.6,15.25,40.16,47.11
2026-06-28T18:00:00,ecs-qa-legacy-01,7.9,14.46,2.63,12.63,39.86,47.89
2026-06-29T00:00:00,ecs-qa-legacy-01,14.0,18.28,5.87,16.24,42.25,52.78
2026-06-29T06:00:00,ecs-qa-legacy-01,12.26,24.17,7.6,15.53,40.68,49.87
2026-06-29T12:00:00,ecs-qa-legacy-01,13.18,25.94,8.67,13.96,49.44,57.39
2026-06-29T18:00:00,ecs-qa-legacy-01,11.73,22.84,8.05,14.57,47.95,56.06
2026-06-30T00:00:00,ecs-qa-legacy-01,12.28,22.54,8.41,14.89,41.87,49.71
2026-06-30T06:00:00,ecs-qa-legacy-01,8.17,17.73,7.79,12.72,41.86,48.19
2026-06-30T12:00:00,ecs-qa-legacy-01,13.24,24.25,7.62,15.91,48.59,59.45
2026-06-30T18:00:00,ecs-qa-legacy-01,9.32,21.2,8.03,16.12,46.87,56.01
2026-06-01T00:00:00,rds-orders-prod,42.5,52.76,25.5,39.31,59.15,65.52
2026-06-01T06:00:00,rds-orders-prod,39.76,54.79,23.81,36.75,60.8,63.71
2026-06-01T12:00:00,rds-orders-prod,52.05,66.89,27.77,48.93,72.74,82.29
2026-06-01T18:00:00,rds-orders-prod,52.08,70.86,29.29,51.75,74.94,83.86
2026-06-02T00:00:00,rds-orders-prod,40.6,51.95,24.78,39.88,59.49,64.84
2026-06-02T06:00:00,rds-orders-prod,44.45,54.43,23.19,35.59,59.17,64.04
2026-06-02T12:00:00,rds-orders-prod,49.31,64.73,28.66,47.11,71.68,81.54
2026-06-02T18:00:00,rds-orders-prod,56.02,68.53,30.42,47.34,73.1,82.82
2026-06-03T00:00:00,rds-orders-prod,42.97,52.2,22.97,35.87,58.33,64.65
2026-06-03T06:00:00,rds-orders-prod,45.17,53.67,22.41,36.52,59.6,64.22
2026-06-03T12:00:00,rds-orders-prod,51.62,68.69,30.97,44.8,73.38,79.99
2026-06-03T18:00:00,rds-orders-prod,50.02,71.22,31.5,51.95,73.68,83.25
2026-06-04T00:00:00,rds-orders-prod,38.75,53.47,20.27,37.03,60.82,65.67
2026-06-04T06:00:00,rds-orders-prod,42.35,54.06,21.23,38.33,59.95,65.42
2026-06-04T12:00:00,rds-orders-prod,51.68,65.73,33.34,47.45,72.87,79.42
2026-06-04T18:00:00,rds-orders-prod,52.51,65.95,33.24,50.42,74.33,82.02
2026-06-05T00:00:00,rds-orders-prod,41.76,55.07,20.8,39.86,58.19,63.86
2026-06-05T06:00:00,rds-orders-prod,43.92,56.97,23.03,40.64,60.53,67.24
2026-06-05T12:00:00,rds-orders-prod,49.5,65.31,29.78,48.52,73.73,81.44
2026-06-05T18:00:00,rds-orders-prod,54.64,72.22,30.4,47.81,73.91,81.05
2026-06-06T00:00:00,rds-orders-prod,42.14,55.3,25.39,34.73,60.4,65.64
2026-06-06T06:00:00,rds-orders-prod,40.34,58.98,21.24,40.53,59.82,64.55
2026-06-06T12:00:00,rds-orders-prod,41.15,56.92,27.48,39.36,60.91,67.42
2026-06-06T18:00:00,rds-orders-prod,41.54,54.83,27.74,43.33,61.84,70.6
2026-06-07T00:00:00,rds-orders-prod,37.92,57.15,21.98,39.75,59.17,67.4
2026-06-07T06:00:00,rds-orders-prod,41.0,59.88,24.36,36.39,60.78,67.79
2026-06-07T12:00:00,rds-orders-prod,46.18,61.43,29.32,38.38,62.06,68.67
2026-06-07T18:00:00,rds-orders-prod,48.82,58.99,26.0,42.55,62.56,68.22
2026-06-08T00:00:00,rds-orders-prod,40.3,56.1,25.53,37.89,58.92,67.27
2026-06-08T06:00:00,rds-orders-prod,45.28,53.98,22.86,38.81,59.48,67.98
2026-06-08T12:00:00,rds-orders-prod,57.04,68.8,29.36,50.8,73.92,84.24
2026-06-08T18:00:00,rds-orders-prod,57.4,67.33,34.57,49.1,75.56,83.23
2026-06-09T00:00:00,rds-orders-prod,40.7,55.13,25.91,37.6,58.63,67.3
2026-06-09T06:00:00,rds-orders-prod,46.68,53.91,26.88,38.33,61.66,66.83
2026-06-09T12:00:00,rds-orders-prod,50.45,66.17,32.83,48.24,74.8,83.24
2026-06-09T18:00:00,rds-orders-prod,52.0,74.12,35.33,51.23,77.13,84.04
2026-06-10T00:00:00,rds-orders-prod,44.98,51.78,25.49,36.53,59.42,67.31
2026-06-10T06:00:00,rds-orders-prod,41.33,54.66,23.74,41.06,63.21,67.93
2026-06-10T12:00:00,rds-orders-prod,50.51,71.06,32.46,50.94,73.65,83.17
2026-06-10T18:00:00,rds-orders-prod,53.58,70.52,32.23,47.03,75.21,82.92
2026-06-11T00:00:00,rds-orders-prod,41.2,56.65,21.04,39.98,60.18,67.1
2026-06-11T06:00:00,rds-orders-prod,45.85,58.76,25.41,38.84,60.49,69.1
2026-06-11T12:00:00,rds-orders-prod,53.33,69.14,30.57,46.89,76.13,83.16
2026-06-11T18:00:00,rds-orders-prod,54.09,71.72,34.86,51.9,77.16,81.24
2026-06-12T00:00:00,rds-orders-prod,42.12,56.32,23.32,36.09,59.56,68.19
2026-06-12T06:00:00,rds-orders-prod,40.3,55.44,25.33,39.97,63.82,69.24
2026-06-12T12:00:00,rds-orders-prod,57.07,72.29,30.61,47.96,76.01,81.18
2026-06-12T18:00:00,rds-orders-prod,49.84,71.61,35.11,52.03,76.33,81.1
2026-06-13T00:00:00,rds-orders-prod,43.06,56.64,23.68,38.84,59.04,66.48
2026-06-13T06:00:00,rds-orders-prod,43.19,59.18,29.27,41.67,63.24,69.7
2026-06-13T12:00:00,rds-orders-prod,45.04,59.67,29.74,39.06,64.42,68.2
2026-06-13T18:00:00,rds-orders-prod,43.16,57.09,29.77,39.0,64.33,71.18
2026-06-14T00:00:00,rds-orders-prod,45.14,60.23,22.38,38.16,62.23,66.76
2026-06-14T06:00:00,rds-orders-prod,43.28,54.88,24.1,43.12,62.22,67.1
2026-06-14T12:00:00,rds-orders-prod,43.19,61.79,28.35,40.99,63.55,68.79
2026-06-14T18:00:00,rds-orders-prod,42.8,59.5,29.57,39.92,61.91,69.71
2026-06-15T00:00:00,rds-orders-prod,42.59,55.63,23.36,40.43,62.56,67.16
2026-06-15T06:00:00,rds-orders-prod,41.34,61.4,28.86,40.79,63.99,69.63
2026-06-15T12:00:00,rds-orders-prod,54.24,66.92,33.11,50.62,73.66,81.34
2026-06-15T18:00:00,rds-orders-prod,53.04,70.75,33.91,48.16,75.9,80.59
2026-06-16T00:00:00,rds-orders-prod,47.28,53.05,23.59,41.93,61.57,67.67
2026-06-16T06:00:00,rds-orders-prod,44.32,56.16,26.97,40.06,61.39,69.6
2026-06-16T12:00:00,rds-orders-prod,50.22,71.29,31.32,46.9,75.45,84.08
2026-06-16T18:00:00,rds-orders-prod,52.62,71.54,32.09,51.27,74.17,81.84
2026-06-17T00:00:00,rds-orders-prod,45.77,58.42,27.34,40.79,63.11,66.21
2026-06-17T06:00:00,rds-orders-prod,44.94,58.14,26.73,42.58,63.73,68.68
2026-06-17T12:00:00,rds-orders-prod,52.34,71.55,31.86,48.64,74.9,81.65
2026-06-17T18:00:00,rds-orders-prod,49.33,65.33,32.64,50.3,72.65,81.68
2026-06-18T00:00:00,rds-orders-prod,44.92,54.28,25.49,42.56,62.75,68.49
2026-06-18T06:00:00,rds-orders-prod,44.43,62.16,29.23,42.65,63.0,67.81
2026-06-18T12:00:00,rds-orders-prod,51.03,72.27,31.12,50.52,75.55,84.57
2026-06-18T18:00:00,rds-orders-prod,48.95,70.25,32.93,47.83,73.58,82.75
2026-06-19T00:00:00,rds-orders-prod,45.25,58.38,23.88,43.47,64.2,68.09
2026-06-19T06:00:00,rds-orders-prod,42.84,56.94,26.07,40.78,61.83,68.78
2026-06-19T12:00:00,rds-orders-prod,50.85,70.45,31.9,49.66,74.89,84.55
2026-06-19T18:00:00,rds-orders-prod,49.15,71.31,30.27,48.69,73.39,82.02
2026-06-20T00:00:00,rds-orders-prod,41.91,62.07,25.73,40.73,62.18,70.2
2026-06-20T06:00:00,rds-orders-prod,42.65,59.74,27.69,43.72,63.17,70.09
2026-06-20T12:00:00,rds-orders-prod,42.24,61.96,28.56,41.99,64.69,70.8
2026-06-20T18:00:00,rds-orders-prod,42.93,56.92,27.74,40.42,61.55,68.34
2026-06-21T00:00:00,rds-orders-prod,44.38,56.85,27.23,41.49,62.71,67.71
2026-06-21T06:00:00,rds-orders-prod,43.43,62.59,27.1,44.46,63.06,68.23
2026-06-21T12:00:00,rds-orders-prod,41.96,55.02,29.12,40.73,61.69,67.83
2026-06-21T18:00:00,rds-orders-prod,44.35,54.77,25.84,39.75,60.15,67.18
2026-06-22T00:00:00,rds-orders-prod,44.55,56.54,27.42,40.47,62.59,67.81
2026-06-22T06:00:00,rds-orders-prod,49.27,60.51,25.76,41.55,63.23,71.09
2026-06-22T12:00:00,rds-orders-prod,50.46,70.92,33.62,46.96,74.49,80.81
2026-06-22T18:00:00,rds-orders-prod,53.52,64.02,28.87,44.28,73.95,79.51
2026-06-23T00:00:00,rds-orders-prod,48.09,57.9,29.4,44.08,62.42,67.86
2026-06-23T06:00:00,rds-orders-prod,46.74,57.0,24.72,39.56,63.69,71.53
2026-06-23T12:00:00,rds-orders-prod,55.48,70.92,30.7,45.66,74.05,81.35
2026-06-23T18:00:00,rds-orders-prod,54.64,63.82,30.93,46.25,73.41,80.68
2026-06-24T00:00:00,rds-orders-prod,42.0,56.71,26.21,43.4,61.75,67.91
2026-06-24T06:00:00,rds-orders-prod,43.75,56.12,29.47,44.43,63.53,69.97
2026-06-24T12:00:00,rds-orders-prod,51.42,67.44,29.05,47.92,72.13,82.55
2026-06-24T18:00:00,rds-orders-prod,48.59,64.86,26.11,47.54,72.25,81.12
2026-06-25T00:00:00,rds-orders-prod,47.8,62.65,24.5,44.67,63.98,70.67
2026-06-25T06:00:00,rds-orders-prod,44.04,55.66,24.56,43.43,63.27,67.24
2026-06-25T12:00:00,rds-orders-prod,53.8,70.76,31.29,48.09,75.28,80.74
2026-06-25T18:00:00,rds-orders-prod,47.94,64.88,30.29,43.7,71.41,78.05
2026-06-26T00:00:00,rds-orders-prod,41.64,61.2,25.58,43.36,63.17,70.34
2026-06-26T06:00:00,rds-orders-prod,43.43,54.92,25.45,41.8,63.01,68.95
2026-06-26T12:00:00,rds-orders-prod,53.01,66.83,32.5,49.91,72.79,80.84
2026-06-26T18:00:00,rds-orders-prod,47.62,63.39,25.81,47.78,71.64,79.51
2026-06-27T00:00:00,rds-orders-prod,48.21,58.58,28.78,42.09,64.35,67.83
2026-06-27T06:00:00,rds-orders-prod,44.96,55.04,25.66,40.63,60.77,67.9
2026-06-27T12:00:00,rds-orders-prod,45.79,54.45,26.39,36.58,62.5,68.81
2026-06-27T18:00:00,rds-orders-prod,39.46,51.22,21.32,37.59,58.95,65.95
2026-06-28T00:00:00,rds-orders-prod,41.53,62.28,25.09,42.82,62.41,71.28
2026-06-28T06:00:00,rds-orders-prod,40.32,57.59,27.64,41.83,61.73,68.26
2026-06-28T12:00:00,rds-orders-prod,45.55,59.59,24.27,39.03,59.95,67.46
2026-06-28T18:00:00,rds-orders-prod,43.14,51.47,21.11,38.57,57.82,64.21
2026-06-29T00:00:00,rds-orders-prod,43.57,58.46,25.21,39.34,62.04,71.04
2026-06-29T06:00:00,rds-orders-prod,44.93,55.02,24.1,42.8,62.05,66.37
2026-06-29T12:00:00,rds-orders-prod,50.29,65.2,31.62,46.43,73.26,78.33
2026-06-29T18:00:00,rds-orders-prod,49.75,66.93,25.93,48.0,72.9,79.0
2026-06-30T00:00:00,rds-orders-prod,48.63,61.81,25.14,40.6,63.54,67.84
2026-06-30T06:00:00,rds-orders-prod,42.23,54.33,28.26,39.43,60.96,67.38
2026-06-30T12:00:00,rds-orders-prod,50.09,63.94,28.02,48.28,73.69,80.73
2026-06-30T18:00:00,rds-orders-prod,47.85,66.8,30.67,43.99,69.83,80.35
2026-06-01T00:00:00,rds-analytics-prod,16.26,28.94,9.29,20.04,53.27,56.14
2026-06-01T06:00:00,rds-analytics-prod,13.93,23.25,8.54,19.71,51.05,55.25
2026-06-01T12:00:00,rds-analytics-prod,16.72,32.52,13.41,23.72,62.66,67.06
2026-06-01T18:00:00,rds-analytics-prod,17.24,33.31,14.79,25.46,63.97,68.37
2026-06-02T00:00:00,rds-analytics-prod,11.25,21.91,7.7,14.48,52.47,57.46
2026-06-02T06:00:00,rds-analytics-prod,15.19,24.77,5.47,15.57,50.59,55.15
2026-06-02T12:00:00,rds-analytics-prod,21.61,36.86,9.0,25.76,64.15,67.69
2026-06-02T18:00:00,rds-analytics-prod,16.17,31.73,12.1,26.13,64.29,70.2
2026-06-03T00:00:00,rds-analytics-prod,13.52,26.93,6.31,14.78,52.57,54.3
2026-06-03T06:00:00,rds-analytics-prod,16.44,25.04,7.94,19.76,52.0,54.45
2026-06-03T12:00:00,rds-analytics-prod,21.12,36.37,12.8,24.13,64.9,70.8
2026-06-03T18:00:00,rds-analytics-prod,23.39,34.79,12.8,26.79,66.92,69.44
2026-06-04T00:00:00,rds-analytics-prod,13.53,27.51,8.09,16.01,50.14,54.76
2026-06-04T06:00:00,rds-analytics-prod,12.45,26.22,10.4,18.01,51.55,58.05
2026-06-04T12:00:00,rds-analytics-prod,16.75,31.95,11.3,24.75,65.77,70.9
2026-06-04T18:00:00,rds-analytics-prod,19.79,35.05,11.49,24.23,65.14,70.25
2026-06-05T00:00:00,rds-analytics-prod,15.68,24.19,7.18,14.66,51.48,54.92
2026-06-05T06:00:00,rds-analytics-prod,13.8,26.43,6.47,18.05,54.44,54.37
2026-06-05T12:00:00,rds-analytics-prod,15.6,31.92,14.77,21.85,67.28,69.34
2026-06-05T18:00:00,rds-analytics-prod,17.66,32.97,11.33,22.59,67.19,70.07
2026-06-06T00:00:00,rds-analytics-prod,12.0,23.89,9.75,17.52,53.04,53.97
2026-06-06T06:00:00,rds-analytics-prod,17.41,28.18,9.24,19.86,51.12,57.11
2026-06-06T12:00:00,rds-analytics-prod,17.03,31.07,9.1,18.57,56.63,57.23
2026-06-06T18:00:00,rds-analytics-prod,21.23,33.8,11.41,22.29,57.42,61.66
2026-06-07T00:00:00,rds-analytics-prod,16.4,29.04,6.48,19.9,51.01,56.97
2026-06-07T06:00:00,rds-analytics-prod,18.58,29.69,7.76,19.61,53.75,57.43
2026-06-07T12:00:00,rds-analytics-prod,16.68,31.45,13.84,21.84,53.62,58.4
2026-06-07T18:00:00,rds-analytics-prod,17.12,30.7,11.48,19.65,57.38,60.05
2026-06-08T00:00:00,rds-analytics-prod,12.21,25.96,6.84,19.07,51.47,57.63
2026-06-08T06:00:00,rds-analytics-prod,16.83,23.56,7.41,20.11,55.29,58.19
2026-06-08T12:00:00,rds-analytics-prod,19.93,38.61,16.18,23.4,64.33,72.5
2026-06-08T18:00:00,rds-analytics-prod,21.87,31.82,14.2,23.11,66.1,72.84
2026-06-09T00:00:00,rds-analytics-prod,14.27,27.58,7.82,18.88,51.48,56.31
2026-06-09T06:00:00,rds-analytics-prod,15.37,26.25,8.46,18.4,55.04,58.17
2026-06-09T12:00:00,rds-analytics-prod,19.35,37.97,13.65,26.1,65.67,72.29
2026-06-09T18:00:00,rds-analytics-prod,22.21,35.77,14.92,23.97,67.88,72.53
2026-06-10T00:00:00,rds-analytics-prod,10.84,25.71,11.37,15.54,51.59,58.08
2026-06-10T06:00:00,rds-analytics-prod,18.88,30.91,8.86,21.22,53.02,57.34
2026-06-10T12:00:00,rds-analytics-prod,20.07,32.94,13.58,24.86,67.01,72.44
2026-06-10T18:00:00,rds-analytics-prod,22.46,37.94,13.68,27.62,66.55,69.93
2026-06-11T00:00:00,rds-analytics-prod,13.34,30.05,6.36,19.77,51.29,58.35
2026-06-11T06:00:00,rds-analytics-prod,16.01,28.6,7.52,21.0,56.08,57.34
2026-06-11T12:00:00,rds-analytics-prod,20.62,34.91,11.96,26.97,67.81,72.11
2026-06-11T18:00:00,rds-analytics-prod,18.41,32.53,14.4,23.43,66.18,70.72
2026-06-12T00:00:00,rds-analytics-prod,17.35,23.17,8.2,21.43,52.51,56.79
2026-06-12T06:00:00,rds-analytics-prod,17.26,28.63,11.67,20.25,56.2,57.32
2026-06-12T12:00:00,rds-analytics-prod,19.31,32.91,11.82,26.46,67.92,70.09
2026-06-12T18:00:00,rds-analytics-prod,18.66,38.68,14.81,25.51,65.62,70.01
2026-06-13T00:00:00,rds-analytics-prod,17.84,24.26,10.26,17.83,52.29,58.49
2026-06-13T06:00:00,rds-analytics-prod,15.78,32.6,10.95,23.42,56.47,58.23
2026-06-13T12:00:00,rds-analytics-prod,20.59,29.96,11.93,19.37,54.46,60.61
2026-06-13T18:00:00,rds-analytics-prod,19.56,25.69,9.19,18.52,56.28,58.22
2026-06-14T00:00:00,rds-analytics-prod,12.28,29.99,11.44,19.38,52.31,57.97
2026-06-14T06:00:00,rds-analytics-prod,19.45,30.86,12.71,20.98,55.1,57.68
2026-06-14T12:00:00,rds-analytics-prod,19.47,28.68,12.89,18.79,58.17,60.22
2026-06-14T18:00:00,rds-analytics-prod,19.85,30.07,10.73,18.54,56.01,59.25
2026-06-15T00:00:00,rds-analytics-prod,12.0,28.47,8.65,21.92,53.03,58.28
2026-06-15T06:00:00,rds-analytics-prod,16.55,27.05,11.34,23.87,54.58,59.5
2026-06-15T12:00:00,rds-analytics-prod,18.27,32.66,15.78,24.07,66.43,73.23
2026-06-15T18:00:00,rds-analytics-prod,19.4,33.89,13.08,21.95,67.62,68.54
2026-06-16T00:00:00,rds-analytics-prod,17.13,29.49,10.82,18.72,53.8,58.94
2026-06-16T06:00:00,rds-analytics-prod,17.39,31.5,10.6,21.95,54.74,60.95
2026-06-16T12:00:00,rds-analytics-prod,17.15,39.48,16.19,27.43,66.03,71.41
2026-06-16T18:00:00,rds-analytics-prod,22.15,31.43,13.67,22.48,64.66,68.12
2026-06-17T00:00:00,rds-analytics-prod,19.54,30.96,13.03,18.17,53.39,59.32
2026-06-17T06:00:00,rds-analytics-prod,13.59,32.84,12.79,18.84,54.94,58.75
2026-06-17T12:00:00,rds-analytics-prod,21.85,35.01,16.18,26.48,65.71,70.73
2026-06-17T18:00:00,rds-analytics-prod,21.03,33.8,9.65,25.67,64.22,68.17
2026-06-18T00:00:00,rds-analytics-prod,13.07,26.86,11.15,22.73,54.82,57.05
2026-06-18T06:00:00,rds-analytics-prod,16.59,32.74,10.5,24.43,56.21,59.85
2026-06-18T12:00:00,rds-analytics-prod,19.82,38.7,16.61,27.13,67.79,71.42
2026-06-18T18:00:00,rds-analytics-prod,15.6,33.53,10.09,21.8,66.68,68.95
2026-06-19T00:00:00,rds-analytics-prod,18.86,28.18,9.57,23.3,56.43,58.77
2026-06-19T06:00:00,rds-analytics-prod,19.91,31.26,11.81,23.3,57.28,58.2
2026-06-19T12:00:00,rds-analytics-prod,21.4,31.85,14.07,26.41,66.41,70.18
2026-06-19T18:00:00,rds-analytics-prod,20.33,35.93,11.51,22.57,63.42,67.7
2026-06-20T00:00:00,rds-analytics-prod,19.78,28.81,8.54,20.78,53.58,59.22
2026-06-20T06:00:00,rds-analytics-prod,19.04,30.52,9.79,22.63,56.24,60.31
2026-06-20T12:00:00,rds-analytics-prod,17.08,29.37,12.73,23.9,55.52,58.52
2026-06-20T18:00:00,rds-analytics-prod,14.23,29.51,10.21,21.92,53.84,58.3
2026-06-21T00:00:00,rds-analytics-prod,18.31,30.92,10.55,19.52,56.35,59.02
2026-06-21T06:00:00,rds-analytics-prod,19.28,29.08,9.27,20.56,55.54,59.78
2026-06-21T12:00:00,rds-analytics-prod,16.16,30.78,13.89,17.78,54.29,57.04
2026-06-21T18:00:00,rds-analytics-prod,16.7,30.73,9.21,16.92,55.0,58.45
2026-06-22T00:00:00,rds-analytics-prod,14.5,30.11,13.18,19.81,56.42,57.94
2026-06-22T06:00:00,rds-analytics-prod,16.19,33.25,14.03,22.77,54.95,58.45
2026-06-22T12:00:00,rds-analytics-prod,17.78,36.96,13.6,23.43,67.42,69.81
2026-06-22T18:00:00,rds-analytics-prod,19.75,29.64,10.19,22.22,62.85,70.02
2026-06-23T00:00:00,rds-analytics-prod,17.34,25.98,10.44,24.1,55.7,57.82
2026-06-23T06:00:00,rds-analytics-prod,18.59,27.58,9.99,20.07,54.5,60.12
2026-06-23T12:00:00,rds-analytics-prod,17.26,32.77,11.96,25.18,65.24,68.31
2026-06-23T18:00:00,rds-analytics-prod,20.85,31.02,10.79,20.46,64.14,69.72
2026-06-24T00:00:00,rds-analytics-prod,18.15,29.68,13.94,22.6,56.19,58.06
2026-06-24T06:00:00,rds-analytics-prod,14.43,27.83,13.34,23.02,57.25,61.08
2026-06-24T12:00:00,rds-analytics-prod,18.97,36.69,15.15,21.7,66.27,69.48
2026-06-24T18:00:00,rds-analytics-prod,13.84,32.42,11.4,19.7,64.54,66.6
2026-06-25T00:00:00,rds-analytics-prod,19.65,30.53,12.88,21.32,56.28,58.52
2026-06-25T06:00:00,rds-analytics-prod,20.9,27.89,14.03,21.19,57.08,60.88
2026-06-25T12:00:00,rds-analytics-prod,21.18,36.34,11.92,26.2,64.5,68.22
2026-06-25T18:00:00,rds-analytics-prod,14.99,28.91,9.33,23.68,62.43,67.72
2026-06-26T00:00:00,rds-analytics-prod,19.55,32.6,11.95,24.54,55.41,57.92
2026-06-26T06:00:00,rds-analytics-prod,14.56,26.76,10.4,22.13,53.71,59.66
2026-06-26T12:00:00,rds-analytics-prod,16.71,30.47,10.16,22.44,65.81,70.61
2026-06-26T18:00:00,rds-analytics-prod,17.72,31.67,8.92,21.5,63.44,69.06
2026-06-27T00:00:00,rds-analytics-prod,17.57,31.18,10.49,22.04,55.18,60.71
2026-06-27T06:00:00,rds-analytics-prod,13.85,31.23,8.55,17.91,56.24,57.99
2026-06-27T12:00:00,rds-analytics-prod,15.12,27.81,11.97,16.07,54.78,57.9
2026-06-27T18:00:00,rds-analytics-prod,16.1,27.57,6.29,18.45,53.7,56.62
2026-06-28T00:00:00,rds-analytics-prod,15.15,30.27,13.37,19.73,57.72,58.29
2026-06-28T06:00:00,rds-analytics-prod,16.78,25.14,10.19,23.26,54.85,59.89
2026-06-28T12:00:00,rds-analytics-prod,16.08,27.64,7.4,16.6,52.33,54.83
2026-06-28T18:00:00,rds-analytics-prod,12.17,22.06,7.59,19.08,51.84,53.95
2026-06-29T00:00:00,rds-analytics-prod,14.27,32.16,9.05,18.96,56.85,60.44
2026-06-29T06:00:00,rds-analytics-prod,16.57,28.87,12.12,18.07,56.32,59.67
2026-06-29T12:00:00,rds-analytics-prod,20.1,30.01,9.37,24.26,62.46,66.94
2026-06-29T18:00:00,rds-analytics-prod,19.79,27.31,9.02,21.18,64.11,65.35
2026-06-30T00:00:00,rds-analytics-prod,14.22,31.94,11.47,24.11,56.63,58.3
2026-06-30T06:00:00,rds-analytics-prod,16.1,30.63,10.47,18.72,55.59,59.23
2026-06-30T12:00:00,rds-analytics-prod,13.43,29.24,9.73,19.81,62.22,68.52
2026-06-30T18:00:00,rds-analytics-prod,18.75,34.84,9.0,20.38,61.69,67.08
2026-06-01T00:00:00,ecs-ml-prod-01,37.04,45.61,30.06,33.34,57.65,63.4
2026-06-01T06:00:00,ecs-ml-prod-01,40.09,44.53,28.81,32.49,55.85,64.69
2026-06-01T12:00:00,ecs-ml-prod-01,45.92,62.08,36.73,39.08,72.38,77.35
2026-06-01T18:00:00,ecs-ml-prod-01,48.63,64.49,38.17,41.94,72.2,78.87
2026-06-02T00:00:00,ecs-ml-prod-01,40.18,48.06,31.45,29.83,57.26,63.06
2026-06-02T06:00:00,ecs-ml-prod-01,36.45,46.59,32.34,32.41,58.57,63.07
2026-06-02T12:00:00,ecs-ml-prod-01,47.39,61.89,38.8,40.29,69.9,77.7
2026-06-02T18:00:00,ecs-ml-prod-01,46.11,60.82,38.42,43.61,73.49,78.96
2026-06-03T00:00:00,ecs-ml-prod-01,39.83,45.35,29.36,33.6,56.12,62.9
2026-06-03T06:00:00,ecs-ml-prod-01,36.83,47.59,30.56,35.46,58.75,62.04
2026-06-03T12:00:00,ecs-ml-prod-01,43.5,59.61,40.21,38.74,72.74,79.09
2026-06-03T18:00:00,ecs-ml-prod-01,47.56,58.17,41.02,44.45,72.38,79.49
2026-06-04T00:00:00,ecs-ml-prod-01,35.6,50.65,30.21,33.02,57.73,63.87
2026-06-04T06:00:00,ecs-ml-prod-01,36.1,51.57,27.88,31.09,59.32,61.55
2026-06-04T12:00:00,ecs-ml-prod-01,44.05,59.1,40.83,40.59,71.97,78.46
2026-06-04T18:00:00,ecs-ml-prod-01,49.8,61.93,38.26,45.38,72.16,79.12
2026-06-05T00:00:00,ecs-ml-prod-01,37.45,48.83,29.54,31.76,56.11,64.3
2026-06-05T06:00:00,ecs-ml-prod-01,40.96,44.54,30.1,32.36,58.89,62.88
2026-06-05T12:00:00,ecs-ml-prod-01,44.65,63.53,36.18,40.24,69.89,77.34
2026-06-05T18:00:00,ecs-ml-prod-01,53.14,57.61,39.9,42.65,75.24,81.34
2026-06-06T00:00:00,ecs-ml-prod-01,35.07,48.17,29.58,34.95,58.65,63.77
2026-06-06T06:00:00,ecs-ml-prod-01,41.03,45.06,28.45,33.7,59.47,62.69
2026-06-06T12:00:00,ecs-ml-prod-01,42.25,53.46,34.04,35.41,62.18,63.98
2026-06-06T18:00:00,ecs-ml-prod-01,39.06,55.0,31.95,38.61,62.12,68.53
2026-06-07T00:00:00,ecs-ml-prod-01,36.22,47.98,29.08,35.59,58.89,64.67
2026-06-07T06:00:00,ecs-ml-prod-01,36.97,50.99,27.91,32.9,60.64,65.26
2026-06-07T12:00:00,ecs-ml-prod-01,38.15,51.1,31.18,38.16,60.72,66.12
2026-06-07T18:00:00,ecs-ml-prod-01,39.6,50.95,34.88,37.25,62.33,67.09
2026-06-08T00:00:00,ecs-ml-prod-01,34.63,46.2,27.27,35.47,58.5,61.44
2026-06-08T06:00:00,ecs-ml-prod-01,37.01,48.94,29.8,36.3,57.02,63.86
2026-06-08T12:00:00,ecs-ml-prod-01,45.1,59.1,39.87,45.5,71.94,80.35
2026-06-08T18:00:00,ecs-ml-prod-01,49.06,61.5,40.61,44.97,75.46,79.55
2026-06-09T00:00:00,ecs-ml-prod-01,37.0,47.69,28.37,30.27,57.09,63.26
2026-06-09T06:00:00,ecs-ml-prod-01,37.48,50.05,33.46,33.9,59.09,66.41
2026-06-09T12:00:00,ecs-ml-prod-01,47.94,62.71,40.62,45.1,72.69,80.01
2026-06-09T18:00:00,ecs-ml-prod-01,47.37,65.44,37.33,41.64,74.14,78.15
2026-06-10T00:00:00,ecs-ml-prod-01,35.48,46.2,29.57,35.34,58.73,63.63
2026-06-10T06:00:00,ecs-ml-prod-01,39.95,49.41,32.63,35.48,60.73,64.98
2026-06-10T12:00:00,ecs-ml-prod-01,48.61,62.29,39.77,43.2,71.09,80.93
2026-06-10T18:00:00,ecs-ml-prod-01,52.2,63.15,39.16,43.77,73.39,78.07
2026-06-11T00:00:00,ecs-ml-prod-01,36.71,48.87,29.87,32.68,59.92,65.11
2026-06-11T06:00:00,ecs-ml-prod-01,40.52,49.8,34.51,35.95,58.74,64.73
2026-06-11T12:00:00,ecs-ml-prod-01,52.8,58.64,38.98,40.79,75.17,81.36
2026-06-11T18:00:00,ecs-ml-prod-01,47.15,64.05,40.89,46.4,75.01,80.23
2026-06-12T00:00:00,ecs-ml-prod-01,39.32,51.14,27.63,31.98,58.28,64.7
2026-06-12T06:00:00,ecs-ml-prod-01,42.06,53.04,29.4,35.03,61.04,66.73
2026-06-12T12:00:00,ecs-ml-prod-01,51.12,62.86,37.76,42.58,71.71,78.98
2026-06-12T18:00:00,ecs-ml-prod-01,50.89,64.54,37.23,41.71,74.4,81.22
2026-06-13T00:00:00,ecs-ml-prod-01,40.61,49.74,32.59,32.55,57.66,62.24
2026-06-13T06:00:00,ecs-ml-prod-01,43.42,49.96,32.13,34.04,60.32,64.42
2026-06-13T12:00:00,ecs-ml-prod-01,42.2,52.22,31.81,34.73,60.44,66.96
2026-06-13T18:00:00,ecs-ml-prod-01,39.38,53.97,30.69,37.97,59.85,64.74
2026-06-14T00:00:00,ecs-ml-prod-01,35.27,47.27,34.01,33.91,57.97,64.19
2026-06-14T06:00:00,ecs-ml-prod-01,39.13,54.44,34.09,38.95,61.98,68.04
2026-06-14T12:00:00,ecs-ml-prod-01,44.49,48.7,36.35,35.57,60.72,66.5
2026-06-14T18:00:00,ecs-ml-prod-01,40.61,48.62,34.25,38.34,61.55,68.19
2026-06-15T00:00:00,ecs-ml-prod-01,42.32,49.66,31.46,37.34,57.97,66.68
2026-06-15T06:00:00,ecs-ml-prod-01,44.08,53.84,30.96,34.43,61.79,65.72
2026-06-15T12:00:00,ecs-ml-prod-01,49.16,59.09,38.65,43.74,75.26,79.31
2026-06-15T18:00:00,ecs-ml-prod-01,45.89,62.11,37.79,43.29,73.54,80.34
2026-06-16T00:00:00,ecs-ml-prod-01,40.53,45.92,30.34,34.47,60.0,66.04
2026-06-16T06:00:00,ecs-ml-prod-01,40.34,47.43,34.61,37.71,62.51,67.99
2026-06-16T12:00:00,ecs-ml-prod-01,50.57,60.44,41.34,44.74,72.16,79.15
2026-06-16T18:00:00,ecs-ml-prod-01,50.18,63.73,35.93,40.18,73.82,78.82
2026-06-17T00:00:00,ecs-ml-prod-01,40.91,51.93,30.83,32.69,58.67,66.99
2026-06-17T06:00:00,ecs-ml-prod-01,39.34,53.47,31.02,37.44,61.91,65.51
2026-06-17T12:00:00,ecs-ml-prod-01,50.21,59.83,37.32,43.21,72.05,81.23
2026-06-17T18:00:00,ecs-ml-prod-01,49.85,63.48,39.25,40.56,73.2,78.89
2026-06-18T00:00:00,ecs-ml-prod-01,43.69,50.42,31.97,33.68,59.94,66.99
2026-06-18T06:00:00,ecs-ml-prod-01,43.75,55.16,34.73,33.79,60.56,67.63
2026-06-18T12:00:00,ecs-ml-prod-01,49.63,61.32,40.71,40.89,72.29,78.12
2026-06-18T18:00:00,ecs-ml-prod-01,48.34,58.77,37.68,41.66,71.98,76.78
2026-06-19T00:00:00,ecs-ml-prod-01,43.08,50.97,29.8,35.85,62.28,64.15
2026-06-19T06:00:00,ecs-ml-prod-01,39.02,52.42,32.15,38.85,59.77,68.59
2026-06-19T12:00:00,ecs-ml-prod-01,45.78,57.61,36.66,40.31,71.19,80.01
2026-06-19T18:00:00,ecs-ml-prod-01,48.94,56.54,35.15,44.09,69.41,77.73
2026-06-20T00:00:00,ecs-ml-prod-01,44.84,47.58,34.64,35.39,62.72,66.11
2026-06-20T06:00:00,ecs-ml-prod-01,40.24,53.88,31.03,38.46,60.28,67.52
2026-06-20T12:00:00,ecs-ml-prod-01,45.04,54.98,31.31,34.92,59.99,68.27
2026-06-20T18:00:00,ecs-ml-prod-01,38.19,52.01,29.26,34.09,58.79,66.54
2026-06-21T00:00:00,ecs-ml-prod-01,44.08,49.43,34.44,36.57,60.6,66.0
2026-06-21T06:00:00,ecs-ml-prod-01,41.32,53.61,33.9,35.08,61.24,67.43
2026-06-21T12:00:00,ecs-ml-prod-01,38.35,50.97,31.75,35.96,60.48,68.0
2026-06-21T18:00:00,ecs-ml-prod-01,39.34,50.84,30.02,36.32,59.14,64.89
2026-06-22T00:00:00,ecs-ml-prod-01,41.81,52.66,32.1,38.11,62.76,67.07
2026-06-22T06:00:00,ecs-ml-prod-01,44.95,53.67,34.56,38.25,61.11,67.22
2026-06-22T12:00:00,ecs-ml-prod-01,50.54,64.25,39.78,42.57,71.2,77.99
2026-06-22T18:00:00,ecs-ml-prod-01,46.56,56.97,34.14,39.38,69.15,76.18
2026-06-23T00:00:00,ecs-ml-prod-01,40.8,48.68,32.12,37.87,62.57,68.48
2026-06-23T06:00:00,ecs-ml-prod-01,39.1,52.23,32.2,35.01,62.67,65.78
2026-06-23T12:00:00,ecs-ml-prod-01,49.58,57.24,39.72,42.94,70.34,78.75
2026-06-23T18:00:00,ecs-ml-prod-01,47.98,61.18,34.47,40.26,70.95,75.64
2026-06-24T00:00:00,ecs-ml-prod-01,42.26,55.51,35.99,38.0,62.92,67.5
2026-06-24T06:00:00,ecs-ml-prod-01,38.56,50.94,31.45,38.27,63.07,65.34
2026-06-24T12:00:00,ecs-ml-prod-01,51.51,63.4,37.53,42.64,71.34,79.05
2026-06-24T18:00:00,ecs-ml-prod-01,43.79,60.3,35.88,37.88,67.95,74.5
2026-06-25T00:00:00,ecs-ml-prod-01,44.79,53.87,34.12,34.58,61.26,65.64
2026-06-25T06:00:00,ecs-ml-prod-01,45.23,54.2,35.32,38.26,62.87,66.57
2026-06-25T12:00:00,ecs-ml-prod-01,44.61,59.13,39.0,42.39,72.24,78.9
2026-06-25T18:00:00,ecs-ml-prod-01,46.0,59.87,34.47,37.03,70.04,75.74
2026-06-26T00:00:00,ecs-ml-prod-01,44.94,49.82,32.51,38.19,60.96,65.37
2026-06-26T06:00:00,ecs-ml-prod-01,39.17,50.95,33.35,37.3,59.58,65.54
2026-06-26T12:00:00,ecs-ml-prod-01,50.69,59.02,39.18,44.19,69.12,78.85
2026-06-26T18:00:00,ecs-ml-prod-01,45.89,61.42,36.16,39.4,70.18,77.72
2026-06-27T00:00:00,ecs-ml-prod-01,43.64,47.97,32.69,36.64,60.15,68.94
2026-06-27T06:00:00,ecs-ml-prod-01,43.07,53.49,30.89,36.99,62.13,67.02
2026-06-27T12:00:00,ecs-ml-prod-01,36.68,46.06,30.35,32.59,59.09,65.08
2026-06-27T18:00:00,ecs-ml-prod-01,38.77,47.79,30.83,32.71,55.97,61.95
2026-06-28T00:00:00,ecs-ml-prod-01,39.32,50.11,34.93,36.09,62.26,67.11
2026-06-28T06:00:00,ecs-ml-prod-01,43.61,50.6,34.54,35.74,59.86,64.7
2026-06-28T12:00:00,ecs-ml-prod-01,39.09,52.25,28.12,34.35,56.72,63.97
2026-06-28T18:00:00,ecs-ml-prod-01,34.72,51.15,29.2,34.54,59.15,64.42
2026-06-29T00:00:00,ecs-ml-prod-01,37.9,54.69,35.31,39.3,61.79,66.59
2026-06-29T06:00:00,ecs-ml-prod-01,38.21,46.42,32.89,37.58,60.35,66.36
2026-06-29T12:00:00,ecs-ml-prod-01,47.38,59.99,37.12,41.09,71.59,75.39
2026-06-29T18:00:00,ecs-ml-prod-01,42.59,57.28,35.0,40.84,67.6,74.08
2026-06-30T00:00:00,ecs-ml-prod-01,40.6,48.72,31.95,37.33,59.9,65.5
2026-06-30T06:00:00,ecs-ml-prod-01,36.35,49.93,34.6,35.55,61.06,65.37
2026-06-30T12:00:00,ecs-ml-prod-01,48.19,58.46,34.52,41.03,71.29,76.57
2026-06-30T18:00:00,ecs-ml-prod-01,44.62,59.18,37.43,38.34,70.48,75.33
2026-06-01T00:00:00,cce-dev-node-01,9.17,18.18,7.97,14.45,51.87,51.64
2026-06-01T06:00:00,cce-dev-node-01,13.87,22.2,9.66,14.45,48.41,51.58
2026-06-01T12:00:00,cce-dev-node-01,13.08,28.49,11.41,16.07,60.35,63.52
2026-06-01T18:00:00,cce-dev-node-01,15.65,28.36,12.5,21.32,62.83,65.0
2026-06-02T00:00:00,cce-dev-node-01,15.04,16.91,7.32,11.24,49.44,51.6
2026-06-02T06:00:00,cce-dev-node-01,11.64,20.05,6.27,15.79,49.77,51.06
2026-06-02T12:00:00,cce-dev-node-01,12.03,22.5,13.37,20.75,60.48,62.99
2026-06-02T18:00:00,cce-dev-node-01,19.28,24.2,15.06,18.69,65.9,64.39
2026-06-03T00:00:00,cce-dev-node-01,10.69,17.42,9.58,12.22,49.31,53.4
2026-06-03T06:00:00,cce-dev-node-01,10.8,18.95,5.35,14.11,49.79,53.74
2026-06-03T12:00:00,cce-dev-node-01,15.49,29.38,8.48,17.25,63.31,63.14
2026-06-03T18:00:00,cce-dev-node-01,19.88,25.54,14.92,20.85,64.82,66.92
2026-06-04T00:00:00,cce-dev-node-01,12.44,15.66,8.46,14.39,50.5,50.07
2026-06-04T06:00:00,cce-dev-node-01,11.68,22.42,5.79,10.64,51.47,51.79
2026-06-04T12:00:00,cce-dev-node-01,20.17,28.9,11.91,16.47,62.32,66.81
2026-06-04T18:00:00,cce-dev-node-01,17.95,24.01,14.86,22.46,66.33,68.53
2026-06-05T00:00:00,cce-dev-node-01,11.93,22.44,5.39,10.12,49.59,49.85
2026-06-05T06:00:00,cce-dev-node-01,8.94,20.48,5.14,11.07,52.74,51.97
2026-06-05T12:00:00,cce-dev-node-01,16.27,27.86,11.74,17.26,64.47,67.13
2026-06-05T18:00:00,cce-dev-node-01,14.24,29.99,12.49,19.8,64.56,66.21
2026-06-06T00:00:00,cce-dev-node-01,11.8,21.63,6.21,14.71,49.06,51.62
2026-06-06T06:00:00,cce-dev-node-01,16.37,22.4,5.87,13.72,50.61,51.77
2026-06-06T12:00:00,cce-dev-node-01,17.09,18.48,7.27,18.03,52.67,56.22
2026-06-06T18:00:00,cce-dev-node-01,16.58,26.34,12.17,14.43,55.82,57.33
2026-06-07T00:00:00,cce-dev-node-01,10.0,22.0,9.33,12.76,49.31,51.92
2026-06-07T06:00:00,cce-dev-node-01,11.99,19.23,8.32,14.63,50.55,51.77
2026-06-07T12:00:00,cce-dev-node-01,15.07,22.52,7.36,16.2,54.97,55.69
2026-06-07T18:00:00,cce-dev-node-01,12.26,24.12,10.46,17.04,52.89,55.14
2026-06-08T00:00:00,cce-dev-node-01,9.54,22.98,7.97,14.26,51.61,52.38
2026-06-08T06:00:00,cce-dev-node-01,12.76,21.11,11.6,16.33,52.83,53.74
2026-06-08T12:00:00,cce-dev-node-01,14.15,23.77,12.08,18.64,63.49,65.03
2026-06-08T18:00:00,cce-dev-node-01,15.59,28.81,11.04,21.08,66.14,65.25
2026-06-09T00:00:00,cce-dev-node-01,14.85,17.37,5.02,13.72,52.26,53.34
2026-06-09T06:00:00,cce-dev-node-01,16.83,24.46,11.06,15.37,53.68,53.95
2026-06-09T12:00:00,cce-dev-node-01,20.18,30.76,12.37,18.85,63.21,67.56
2026-06-09T18:00:00,cce-dev-node-01,16.17,30.33,12.26,20.46,66.42,66.86
2026-06-10T00:00:00,cce-dev-node-01,9.09,20.91,10.4,11.19,51.26,53.62
2026-06-10T06:00:00,cce-dev-node-01,11.79,23.13,11.13,13.23,52.41,53.03
2026-06-10T12:00:00,cce-dev-node-01,21.64,27.05,11.61,21.67,64.29,65.06
2026-06-10T18:00:00,cce-dev-node-01,19.42,25.92,13.51,18.61,64.21,66.59
2026-06-11T00:00:00,cce-dev-node-01,12.07,16.67,6.73,12.4,52.8,53.84
2026-06-11T06:00:00,cce-dev-node-01,11.23,19.87,7.75,12.9,52.76,53.48
2026-06-11T12:00:00,cce-dev-node-01,19.6,31.62,12.28,18.94,64.84,66.51
2026-06-11T18:00:00,cce-dev-node-01,18.28,25.22,12.17,20.05,65.93,67.59
2026-06-12T00:00:00,cce-dev-node-01,10.86,16.84,7.09,12.71,52.28,54.49
2026-06-12T06:00:00,cce-dev-node-01,10.73,20.15,8.63,13.99,52.93,55.86
2026-06-12T12:00:00,cce-dev-node-01,20.7,27.6,14.88,23.07,66.04,65.74
2026-06-12T18:00:00,cce-dev-node-01,21.56,29.69,12.87,18.57,63.22,67.35
2026-06-13T00:00:00,cce-dev-node-01,9.11,22.04,9.31,16.13,50.19,52.77
2026-06-13T06:00:00,cce-dev-node-01,17.4,22.84,10.45,13.37,54.89,53.19
2026-06-13T12:00:00,cce-dev-node-01,15.75,20.42,11.02,18.08,55.54,57.79
2026-06-13T18:00:00,cce-dev-node-01,15.74,24.24,9.87,17.1,52.02,55.92
2026-06-14T00:00:00,cce-dev-node-01,12.53,17.47,11.36,17.13,51.27,53.46
2026-06-14T06:00:00,cce-dev-node-01,13.49,19.02,8.85,17.37,52.5,55.21
2026-06-14T12:00:00,cce-dev-node-01,16.58,20.2,13.88,19.76,54.5,55.8
2026-06-14T18:00:00,cce-dev-node-01,18.13,24.41,10.67,15.88,55.63,55.8
2026-06-15T00:00:00,cce-dev-node-01,15.79,22.04,11.71,12.77,52.99,52.19
2026-06-15T06:00:00,cce-dev-node-01,13.3,22.02,12.1,19.67,55.25,55.92
2026-06-15T12:00:00,cce-dev-node-01,21.34,29.5,15.63,22.52,65.7,65.63
2026-06-15T18:00:00,cce-dev-node-01,18.1,28.14,11.92,21.82,64.65,64.24
2026-06-16T00:00:00,cce-dev-node-01,12.09,19.54,10.48,13.77,50.58,53.67
2026-06-16T06:00:00,cce-dev-node-01,15.46,22.8,8.0,18.49,53.54,56.32
2026-06-16T12:00:00,cce-dev-node-01,17.23,31.89,11.27,22.72,64.6,65.86
2026-06-16T18:00:00,cce-dev-node-01,19.41,24.04,13.65,17.88,63.46,66.77
2026-06-17T00:00:00,cce-dev-node-01,17.01,20.11,10.63,18.11,51.02,56.28
2026-06-17T06:00:00,cce-dev-node-01,14.57,21.59,10.09,19.72,55.22,57.52
2026-06-17T12:00:00,cce-dev-node-01,14.91,26.62,15.24,22.97,63.99,67.12
2026-06-17T18:00:00,cce-dev-node-01,19.37,25.31,8.76,20.88,64.16,64.19
2026-06-18T00:00:00,cce-dev-node-01,16.0,19.27,9.28,15.34,54.77,56.8
2026-06-18T06:00:00,cce-dev-node-01,13.6,26.39,9.25,15.28,55.87,55.5
2026-06-18T12:00:00,cce-dev-node-01,18.79,27.64,10.04,20.47,63.65,67.2
2026-06-18T18:00:00,cce-dev-node-01,14.58,25.44,10.1,20.89,62.79,66.12
2026-06-19T00:00:00,cce-dev-node-01,11.91,24.6,10.74,14.6,55.09,55.6
2026-06-19T06:00:00,cce-dev-node-01,18.44,24.24,12.41,15.4,52.85,57.46
2026-06-19T12:00:00,cce-dev-node-01,16.25,29.82,9.67,20.15,65.28,66.35
2026-06-19T18:00:00,cce-dev-node-01,19.36,24.86,12.45,17.46,62.25,65.52
2026-06-20T00:00:00,cce-dev-node-01,12.49,23.81,9.5,14.88,51.82,55.16
2026-06-20T06:00:00,cce-dev-node-01,13.93,21.34,8.97,15.17,54.2,54.87
2026-06-20T12:00:00,cce-dev-node-01,13.93,25.72,10.17,18.47,54.73,55.71
2026-06-20T18:00:00,cce-dev-node-01,14.38,23.91,6.71,14.62,50.37,54.15
2026-06-21T00:00:00,cce-dev-node-01,12.05,25.14,13.51,18.94,54.76,55.43
2026-06-21T06:00:00,cce-dev-node-01,13.59,22.93,13.83,18.64,54.92,56.74
2026-06-21T12:00:00,cce-dev-node-01,12.79,26.63,9.58,17.75,53.66,55.68
2026-06-21T18:00:00,cce-dev-node-01,14.56,24.71,8.23,14.28,51.77,55.16
2026-06-22T00:00:00,cce-dev-node-01,13.61,26.49,12.28,14.29,52.97,56.89
2026-06-22T06:00:00,cce-dev-node-01,14.4,25.53,13.09,14.8,52.54,54.62
2026-06-22T12:00:00,cce-dev-node-01,16.81,28.13,14.44,17.33,64.08,63.96
2026-06-22T18:00:00,cce-dev-node-01,17.27,25.09,10.35,18.1,62.54,64.66
2026-06-23T00:00:00,cce-dev-node-01,11.53,24.87,13.43,17.33,54.15,54.78
2026-06-23T06:00:00,cce-dev-node-01,12.69,23.17,11.87,19.63,54.22,55.66
2026-06-23T12:00:00,cce-dev-node-01,19.2,28.77,11.08,20.77,64.29,66.66
2026-06-23T18:00:00,cce-dev-node-01,13.82,26.27,9.81,17.33,63.18,63.89
2026-06-24T00:00:00,cce-dev-node-01,17.64,25.85,10.06,19.25,53.88,55.22
2026-06-24T06:00:00,cce-dev-node-01,16.5,22.33,13.7,17.5,52.13,55.52
2026-06-24T12:00:00,cce-dev-node-01,17.31,30.18,12.0,19.81,62.95,65.55
2026-06-24T18:00:00,cce-dev-node-01,18.29,22.51,8.81,16.6,62.03,63.63
2026-06-25T00:00:00,cce-dev-node-01,12.06,25.42,11.97,16.67,54.48,57.67
2026-06-25T06:00:00,cce-dev-node-01,16.02,24.44,10.25,16.83,55.02,55.88
2026-06-25T12:00:00,cce-dev-node-01,15.32,22.36,13.42,18.84,61.35,66.39
2026-06-25T18:00:00,cce-dev-node-01,18.13,20.58,11.86,17.12,61.39,64.51
2026-06-26T00:00:00,cce-dev-node-01,19.17,21.84,10.46,19.86,53.98,57.97
2026-06-26T06:00:00,cce-dev-node-01,11.42,21.63,11.59,19.6,55.01,57.39
2026-06-26T12:00:00,cce-dev-node-01,14.43,25.84,9.29,20.28,62.23,64.56
2026-06-26T18:00:00,cce-dev-node-01,14.3,21.3,10.46,18.86,58.91,63.99
2026-06-27T00:00:00,cce-dev-node-01,19.09,21.19,9.89,19.0,55.27,56.84
2026-06-27T06:00:00,cce-dev-node-01,16.49,26.04,10.32,17.12,53.41,54.31
2026-06-27T12:00:00,cce-dev-node-01,11.1,18.18,5.75,17.31,53.07,52.1
2026-06-27T18:00:00,cce-dev-node-01,10.72,21.87,6.73,12.47,50.05,50.67
2026-06-28T00:00:00,cce-dev-node-01,18.03,25.23,8.3,14.91,54.97,57.12
2026-06-28T06:00:00,cce-dev-node-01,17.38,18.59,11.28,17.78,53.91,56.59
2026-06-28T12:00:00,cce-dev-node-01,15.36,24.28,9.38,14.24,51.21,51.21
2026-06-28T18:00:00,cce-dev-node-01,12.92,17.01,6.0,12.16,50.38,50.74
2026-06-29T00:00:00,cce-dev-node-01,15.14,26.79,11.47,14.99,52.62,56.25
2026-06-29T06:00:00,cce-dev-node-01,14.03,24.45,12.2,16.45,51.8,55.74
2026-06-29T12:00:00,cce-dev-node-01,16.37,24.49,12.48,16.9,62.79,61.8
2026-06-29T18:00:00,cce-dev-node-01,16.2,26.85,8.4,14.25,62.24,62.57
2026-06-30T00:00:00,cce-dev-node-01,16.04,20.02,11.33,18.25,54.44,56.17
2026-06-30T06:00:00,cce-dev-node-01,10.89,21.28,9.79,18.39,52.34,52.49
2026-06-30T12:00:00,cce-dev-node-01,15.62,23.59,10.42,15.51,59.6,65.34
2026-06-30T18:00:00,cce-dev-node-01,15.24,23.04,6.56,16.13,61.25,63.96
2026-06-01T00:00:00,ecs-unallocated-01,22.29,30.36,15.56,21.59,42.85,43.7
2026-06-01T06:00:00,ecs-unallocated-01,22.45,32.11,13.07,19.49,42.7,44.74
2026-06-01T12:00:00,ecs-unallocated-01,21.22,38.18,19.56,26.15,52.19,55.39
2026-06-01T18:00:00,ecs-unallocated-01,25.3,38.4,22.25,27.38,57.1,58.64
2026-06-02T00:00:00,ecs-unallocated-01,18.91,27.62,16.14,19.82,43.73,46.46
2026-06-02T06:00:00,ecs-unallocated-01,15.69,29.08,14.55,21.96,43.12,42.91
2026-06-02T12:00:00,ecs-unallocated-01,21.58,42.45,20.84,24.42,54.08,57.09
2026-06-02T18:00:00,ecs-unallocated-01,27.38,40.87,18.06,26.51,55.48,56.38
2026-06-03T00:00:00,ecs-unallocated-01,19.49,27.88,14.6,20.23,42.95,45.05
2026-06-03T06:00:00,ecs-unallocated-01,17.66,32.95,11.66,18.69,42.29,46.88
2026-06-03T12:00:00,ecs-unallocated-01,21.86,36.16,20.12,26.63,54.69,56.18
2026-06-03T18:00:00,ecs-unallocated-01,29.22,40.84,23.0,31.57,57.27,59.71
2026-06-04T00:00:00,ecs-unallocated-01,14.88,34.15,14.8,21.31,44.07,45.63
2026-06-04T06:00:00,ecs-unallocated-01,22.32,33.26,15.25,20.08,42.39,43.76
2026-06-04T12:00:00,ecs-unallocated-01,22.84,40.95,19.09,29.9,55.27,54.87
2026-06-04T18:00:00,ecs-unallocated-01,25.54,42.69,20.3,26.7,57.0,59.72
2026-06-05T00:00:00,ecs-unallocated-01,18.52,33.97,16.87,19.35,43.84,43.52
2026-06-05T06:00:00,ecs-unallocated-01,23.26,32.02,17.33,24.24,42.14,46.81
2026-06-05T12:00:00,ecs-unallocated-01,28.31,40.34,20.72,29.79,56.17,56.4
2026-06-05T18:00:00,ecs-unallocated-01,29.99,44.77,21.05,26.81,55.08,58.24
2026-06-06T00:00:00,ecs-unallocated-01,20.8,34.04,14.72,20.4,44.39,44.13
2026-06-06T06:00:00,ecs-unallocated-01,23.06,30.19,15.83,20.53,44.73,47.42
2026-06-06T12:00:00,ecs-unallocated-01,18.59,33.77,19.55,21.48,44.4,46.77
2026-06-06T18:00:00,ecs-unallocated-01,25.51,37.97,16.43,27.04,47.49,48.59
2026-06-07T00:00:00,ecs-unallocated-01,15.76,33.19,14.0,20.94,41.79,45.12
2026-06-07T06:00:00,ecs-unallocated-01,21.24,35.49,17.61,22.56,45.07,47.13
2026-06-07T12:00:00,ecs-unallocated-01,25.66,35.74,19.56,26.48,45.35,46.83
2026-06-07T18:00:00,ecs-unallocated-01,25.66,37.72,16.55,24.06,47.92,50.54
2026-06-08T00:00:00,ecs-unallocated-01,16.59,32.04,12.3,18.1,41.52,44.49
2026-06-08T06:00:00,ecs-unallocated-01,19.96,31.61,16.65,24.53,46.1,45.05
2026-06-08T12:00:00,ecs-unallocated-01,23.17,37.61,19.05,31.12,54.65,55.78
2026-06-08T18:00:00,ecs-unallocated-01,29.1,42.26,22.32,29.17,54.42,57.89
2026-06-09T00:00:00,ecs-unallocated-01,16.76,33.24,13.28,19.64,43.54,45.47
2026-06-09T06:00:00,ecs-unallocated-01,22.73,33.61,16.2,21.16,46.12,45.61
2026-06-09T12:00:00,ecs-unallocated-01,29.12,37.99,23.28,30.56,56.13,58.66
2026-06-09T18:00:00,ecs-unallocated-01,27.33,40.14,23.58,27.22,56.25,56.51
2026-06-10T00:00:00,ecs-unallocated-01,22.37,27.54,14.14,24.07,41.81,44.73
2026-06-10T06:00:00,ecs-unallocated-01,24.78,32.27,14.02,23.12,47.22,45.36
2026-06-10T12:00:00,ecs-unallocated-01,28.9,37.01,20.89,26.22,56.34,58.15
2026-06-10T18:00:00,ecs-unallocated-01,29.17,37.03,23.23,30.17,57.55,58.12
2026-06-11T00:00:00,ecs-unallocated-01,18.47,27.9,17.34,19.3,42.05,44.3
2026-06-11T06:00:00,ecs-unallocated-01,17.3,36.13,14.56,25.51,44.3,46.27
2026-06-11T12:00:00,ecs-unallocated-01,22.9,39.51,18.71,30.24,57.23,58.81
2026-06-11T18:00:00,ecs-unallocated-01,27.14,44.31,23.63,27.57,56.06,58.41
2026-06-12T00:00:00,ecs-unallocated-01,19.27,27.7,13.45,24.57,45.82,46.51
2026-06-12T06:00:00,ecs-unallocated-01,20.16,31.3,18.17,26.2,45.89,45.81
2026-06-12T12:00:00,ecs-unallocated-01,23.24,41.65,19.09,29.53,55.97,58.75
2026-06-12T18:00:00,ecs-unallocated-01,26.25,39.98,24.3,27.0,55.69,59.24
2026-06-13T00:00:00,ecs-unallocated-01,16.27,31.14,17.61,22.99,44.32,44.79
2026-06-13T06:00:00,ecs-unallocated-01,24.97,35.78,20.2,23.83,44.49,48.16
2026-06-13T12:00:00,ecs-unallocated-01,26.17,31.32,20.69,25.81,47.18,48.28
2026-06-13T18:00:00,ecs-unallocated-01,24.47,30.74,18.92,27.27,47.43,50.02
2026-06-14T00:00:00,ecs-unallocated-01,21.78,28.75,16.55,24.37,45.68,45.97
2026-06-14T06:00:00,ecs-unallocated-01,22.93,37.26,17.01,26.71,46.85,49.26
2026-06-14T12:00:00,ecs-unallocated-01,20.25,33.64,17.09,24.13,48.88,49.05
2026-06-14T18:00:00,ecs-unallocated-01,22.53,29.99,20.33,21.8,48.49,50.19
2026-06-15T00:00:00,ecs-unallocated-01,23.2,30.91,18.16,24.62,44.36,47.6
2026-06-15T06:00:00,ecs-unallocated-01,25.21,30.93,16.79,25.64,47.79,46.58
2026-06-15T12:00:00,ecs-unallocated-01,30.29,43.23,21.2,28.59,54.51,58.0
2026-06-15T18:00:00,ecs-unallocated-01,27.41,42.13,23.43,28.68,54.52,56.5
2026-06-16T00:00:00,ecs-unallocated-01,22.88,33.15,18.46,21.58,44.81,46.07
2026-06-16T06:00:00,ecs-unallocated-01,22.62,32.82,18.96,27.32,48.06,46.8
2026-06-16T12:00:00,ecs-unallocated-01,30.54,37.35,19.64,29.13,55.67,58.17
2026-06-16T18:00:00,ecs-unallocated-01,22.98,35.92,20.17,29.7,54.39,55.35
2026-06-17T00:00:00,ecs-unallocated-01,19.7,36.19,16.25,25.51,46.11,45.36
2026-06-17T06:00:00,ecs-unallocated-01,21.77,37.78,15.22,22.0,45.43,49.31
2026-06-17T12:00:00,ecs-unallocated-01,26.92,40.88,21.83,26.95,54.71,57.55
2026-06-17T18:00:00,ecs-unallocated-01,22.96,37.96,23.11,29.09,55.65,55.74
2026-06-18T00:00:00,ecs-unallocated-01,22.08,35.25,17.15,22.87,45.34,48.86
2026-06-18T06:00:00,ecs-unallocated-01,22.41,38.34,17.29,22.52,48.02,50.44
2026-06-18T12:00:00,ecs-unallocated-01,25.6,44.64,19.64,27.94,57.83,58.96
2026-06-18T18:00:00,ecs-unallocated-01,21.61,39.67,17.55,26.14,54.63,56.08
2026-06-19T00:00:00,ecs-unallocated-01,19.47,32.17,19.22,25.03,46.57,48.3
2026-06-19T06:00:00,ecs-unallocated-01,20.27,35.93,18.63,22.98,48.68,48.89
2026-06-19T12:00:00,ecs-unallocated-01,27.56,39.89,19.34,28.54,56.65,59.34
2026-06-19T18:00:00,ecs-unallocated-01,25.54,36.68,19.83,26.94,54.37,55.15
2026-06-20T00:00:00,ecs-unallocated-01,25.34,37.28,16.71,23.74,46.05,48.82
2026-06-20T06:00:00,ecs-unallocated-01,23.47,33.08,17.84,24.48,46.63,50.76
2026-06-20T12:00:00,ecs-unallocated-01,18.22,30.91,17.64,26.78,44.79,47.26
2026-06-20T18:00:00,ecs-unallocated-01,20.99,29.69,17.31,22.16,44.5,45.29
2026-06-21T00:00:00,ecs-unallocated-01,22.42,34.9,16.23,26.74,46.76,48.28
2026-06-21T06:00:00,ecs-unallocated-01,19.63,37.43,18.98,22.39,48.29,48.67
2026-06-21T12:00:00,ecs-unallocated-01,25.69,36.18,15.98,21.69,48.24,49.11
2026-06-21T18:00:00,ecs-unallocated-01,23.34,29.72,13.28,23.99,43.16,47.61
2026-06-22T00:00:00,ecs-unallocated-01,19.35,33.29,19.1,22.1,46.33,50.56
2026-06-22T06:00:00,ecs-unallocated-01,23.55,31.67,16.38,24.43,47.14,50.15
2026-06-22T12:00:00,ecs-unallocated-01,23.42,40.21,22.35,27.28,53.68,55.36
2026-06-22T18:00:00,ecs-unallocated-01,20.68,41.67,18.9,26.33,53.25,54.16
2026-06-23T00:00:00,ecs-unallocated-01,22.63,33.57,17.5,23.5,48.18,48.41
2026-06-23T06:00:00,ecs-unallocated-01,20.08,36.77,19.1,26.04,47.76,50.66
2026-06-23T12:00:00,ecs-unallocated-01,21.56,39.86,22.06,28.36,55.76,55.96
2026-06-23T18:00:00,ecs-unallocated-01,25.96,40.56,19.88,27.19,54.04,54.68
2026-06-24T00:00:00,ecs-unallocated-01,19.69,33.49,19.13,27.54,45.29,48.65
2026-06-24T06:00:00,ecs-unallocated-01,25.39,38.13,16.32,26.94,48.14,47.72
2026-06-24T12:00:00,ecs-unallocated-01,28.39,41.43,22.06,30.51,53.79,57.09
2026-06-24T18:00:00,ecs-unallocated-01,19.58,41.26,17.94,28.21,54.41,55.12
2026-06-25T00:00:00,ecs-unallocated-01,25.83,37.7,18.18,24.11,48.05,48.64
2026-06-25T06:00:00,ecs-unallocated-01,22.54,37.3,19.81,25.28,47.12,48.52
2026-06-25T12:00:00,ecs-unallocated-01,23.73,38.05,20.49,24.5,52.52,57.24
2026-06-25T18:00:00,ecs-unallocated-01,21.74,36.77,16.06,25.16,53.09,52.7
2026-06-26T00:00:00,ecs-unallocated-01,23.34,37.66,16.64,22.34,46.78,48.78
2026-06-26T06:00:00,ecs-unallocated-01,24.42,35.76,16.23,24.8,47.39,49.05
2026-06-26T12:00:00,ecs-unallocated-01,23.3,39.37,22.09,27.93,52.44,55.43
2026-06-26T18:00:00,ecs-unallocated-01,25.67,36.2,14.96,24.42,52.48,55.27
2026-06-27T00:00:00,ecs-unallocated-01,23.08,34.64,20.77,27.19,48.08,47.94
2026-06-27T06:00:00,ecs-unallocated-01,25.46,30.6,16.56,23.03,46.89,47.33
2026-06-27T12:00:00,ecs-unallocated-01,16.32,28.23,12.8,23.63,42.77,47.0
2026-06-27T18:00:00,ecs-unallocated-01,19.64,28.35,15.83,20.89,42.27,44.81
2026-06-28T00:00:00,ecs-unallocated-01,24.6,35.88,16.35,22.15,45.55,47.16
2026-06-28T06:00:00,ecs-unallocated-01,24.88,29.85,14.73,23.79,44.11,47.32
2026-06-28T12:00:00,ecs-unallocated-01,22.53,34.25,15.05,20.32,44.37,47.36
2026-06-28T18:00:00,ecs-unallocated-01,15.35,29.68,12.39,21.2,44.34,43.22
2026-06-29T00:00:00,ecs-unallocated-01,21.93,35.03,20.87,24.53,46.06,50.73
2026-06-29T06:00:00,ecs-unallocated-01,18.69,35.25,18.3,21.63,43.96,47.71
2026-06-29T12:00:00,ecs-unallocated-01,22.73,37.64,21.11,23.79,51.86,53.36
2026-06-29T18:00:00,ecs-unallocated-01,23.48,34.92,18.74,27.92,50.05,52.14
2026-06-30T00:00:00,ecs-unallocated-01,24.07,31.0,20.32,22.56,45.58,48.73
2026-06-30T06:00:00,ecs-unallocated-01,23.08,29.29,15.07,20.8,45.09,48.91
2026-06-30T12:00:00,ecs-unallocated-01,24.7,35.13,18.06,23.57,50.91,54.58
2026-06-30T18:00:00,ecs-unallocated-01,25.66,37.89,14.27,25.42,50.92,52.0
